Collection Name,Movies,Year,Style,Movie Type
#,,,,
101 Dalmatians,,,,
,One Hundred and One Dalmatians,1961,Animated,Original
,101 Dalmatians,1996,Live-Action,Original
,102 Dalmatians,2000,Live-Action,Sequel
,101 Dalmatians II: Patch's London Adventure,2003,Animated,Sequel
,Cruella,2020,Live-Action,Reboot
28 Days,,,,
,28 Days Later,2002,Live-Action,Original
,28 Weeks Later,2007,Live-Action,Sequel
3 Ninjas,,,,
,3 Ninjas,1992,Live-Action,Original
,3 Ninjas Kick Back,1994,Live-Action,Sequel
,3 Ninjas Knuckle Up,1995,Live-Action,Sequel
,3 Ninjas: High Noon at Mega Mountain,1998,Live-Action,Sequel
30 Days of Night,,,,
,30 Days of Night,2007,Live-Action,Original
,30 Days of Night: Dark Days,2010,Live-Action,Sequel
300​,,,,
,​300,2006,Live-Action,Original
,300: Rise of an Empire,2014,Live-Action,Sequel
48 Hrs,,,,
,48 Hrs.,1982,Live-Action,Original
,Another 48 Hrs.,1990,Live-Action,Sequel
A,,,,
A Better Tomorrow,,,,
,A Better Tomorrow,1986,Live-Action,Original
,A Better Tomorrow II,1987,Live-Action,Sequel
,A Better Tomorrow III: Love And Death In Saigon,1989,Live-Action,Sequel
,A Better Tomorrow,2010,Live-Action,Remake
,A Better Tomorrow,2018,Live-Action,Remake
A Dog's Purpose,,,,
,A Dog's Purpose,2017,Live-Action,Original
,A Dog's Journey,2019,Live-Action,Sequel
A Haunted House,,,,
,A Haunted House,2013,Live-Action,Original
,A Haunted House 2,2014,Live-Action,Sequel
A Nightmare on Elm Street,,,,
,A Nightmare on Elm Street,1984,Live-Action,Original
,A Nightmare on Elm Street 2: Freddy's Revenge,1985,Live-Action,Sequel
,A Nightmare on Elm Street 3: Dream Warriors,1987,Live-Action,Sequel
,A Nightmare on Elm Street 4: The Dream Master,1988,Live-Action,Sequel
,A Nightmare on Elm Street 5: The Dream Child,1989,Live-Action,Sequel
,Freddy's Dead: The Final Nightmare,1991,Live-Action,Sequel
,New Nightmare,1994,Live-Action,Spin-Off
,Freddy vs. Jason,2003,Live-Action,Spin-Off
,A Nightmare on Elm Street,2010,Live-Action,Reboot
The APU,,,,
,Panther Panchali,1955,Live-Action,Original
,Aparajito,1956,Live-Action,Sequel
,The World of Apu,1959,Live-Action,Sequel
Ace Ventura,,,,
,Ace Ventura: Pet Detective,1994,Live-Action,Original
,Ace Ventura: When Nature Calls,1995,Live-Action,Sequel
,"Ace Ventura, Jr.: Pet Detective",2009,Live-Action,Spin-Off
Addams Family,,,,
,Halloween with the New Addams Family,1977,Live-Action,TV Movie
,The Addams Family,1991,Live-Action,Original
,Addams Family Values,1993,Live-Action,Sequel
,Addams Family Reunion,1998,Live-Action,TV Movie
,The Addams Family,2019,Animated,Remake
Airplane!,,,,
,Airplane!,1980,Live-Action,Original
,Airplane II: The Sequel,1982,Live-Action,Sequel
Aladdin,,,,
,Aladdin,1992,Animated,Original
,The Return of Jafar,1994,Animated,Sequel
,Aladdin and the King of Thieves,1996,Animated,Sequel
,Aladdin,2019,Live-Action,Remake
,Genies,TBA,Live-Action,Prequel
Alex Cross,,,,
,Kiss the Girls,1997,Live-Action,Original
,Along Came a Spider,2001,Live-Action,Sequel
,Alex Cross,2012,Live-Action,Sequel
Alice in Wonderland,,,,
,Alice in Wonderland,1951,Animated,Original
,Alice's Adventures in Wonderland,1972,Live-Action,Original
,Dreamchild,1985,Live-Action,Original
,Neco z Alenky,1988,Live-Action,Original
,Alice in Wonderland,2010,Live-Action,Remake
,Alice Through the Looking Glass,2016,Live-Action,Sequel
Alien vs. Predator,,,,
,Alien vs. Predator,2004,Live-Action,Original
,Aliens vs. Predator: Requiem,2007,Live-Action,Sequel
Alien,,,,
,Alien,1979,Live-Action,Original
,Aliens,1986,Live-Action,Sequel
,Alien³,1992,Live-Action,Sequel
,Alien: Resurrection,1997,Live-Action,Sequel
,Prometheus,2012,Live-Action,Prequel
,Alien: Covenant,2017,Live-Action,Prequel
All Dogs Go to Heaven,,,,
,All Dogs Go to Heaven,1989,Animated,Original
,All Dogs Go to Heaven 2,1996,Animated,Sequel
,An All Dogs Christmas Carol,1998,Animated,Spin-Off
Almighty,,,,
,Bruce Almighty,2003,Live-Action,Original
,Evan Almighty,2007,Live-Action,Spin-Off
Alvin and the Chipmunks,,,,
,The Chipmunk Adventure,1987,Both,Original
,Alvin and the Chipmunks,2007,Both,Remake
,Alvin and the Chipmunks: The Squeakquel,2009,Both,Sequel
,Alvin and the Chipmunks: Chipwrecked,2011,Both,Sequel
,Alvin and the Chipmunks: The Road Chip,2015,Both,Sequel
The Amazing Spider-Man,,,,
,The Amazing Spider-Man,2012,Live-Action,Original
,The Amazing Spider-Man 2,2014,Live-Action,Sequel
American Pie,,,,
,American Pie,1999,Live-Action,Original
,American Pie 2,2002,Live-Action,Sequel
,American Wedding,2004,Live-Action,Sequel
,American Pie Presents: Band Camp,2005,Live-Action,Spin-Off
,American Pie Presents: The Naked Mile,2006,Live-Action,Spin-Off
,American Pie Presents: Beta House,2007,Live-Action,Spin-Off
,American Pie Presents: The Book of Love,2009,Live-Action,Spin-Off
,American Reunion,2012,Live-Action,Sequel
American Psycho,,,,
,American Psycho,2000,Live-Action,Original
,American Psycho 2,2002,Live-Action,Sequel
Amityville,,,,
,The Amityville Horror,1979,Live-Action,Original
,Amityville II: The Possession,1982,Live-Action,Sequel
,Amityville 3-D,1983,Live-Action,Sequel
,Amityville 4: The Evil Escapes,1989,Live-Action,Sequel
,The Amityville Curse,1990,Live-Action,Sequel
,Amityville: It's About Time,1992,Live-Action,Sequel
,Amityville: A New Generation,1993,Live-Action,Sequel
,Amityville Dollhouse,1996,Live-Action,Sequel
,The Amityville Horror,2005,Live-Action,Remake
,The Amityville Haunting,2011,Live-Action,Sequel
,The Amityville Asylum,2013,Live-Action,Sequel
,Amityville Death House,2015,Live-Action,Sequel
,The Amityville Playhouse,2015,Live-Action,Sequel
,Amityville: No Escape,2016,Live-Action,Sequel
,Amityville: Vanishing Point,2016,Live-Action,Sequel
,The Amityville Legacy,2016,Live-Action,Sequel
,The Amityville Terror,2016,Live-Action,Sequel
,Amityville Exorcism,2017,Live-Action,Sequel
,Amityville Prison,2017,Live-Action,Sequel
,Amityville: Evil Never Dies,2017,Live-Action,Sequel
,Amityville: The Awakening,2017,Live-Action,Sequel
,Amityville: Mt. Misery Road,2018,Live-Action,Sequel
,The Amityville Murders,2018,Live-Action,Sequel
An American Girl,,,,
,Samantha: An American Girl Holiday,2004,Live-Action,Original
,Felicity: An American Girl Adventure,2005,Live-Action,Sequel
,Molly: An American Girl on the Home Front,2006,Live-Action,Sequel
,Kit Kittredge: An American Girl,2008,Live-Action,Sequel
,An American Girl: Chrissa Stands Strong,2009,Live-Action,Spin-Off
,An American Girl: McKenna Shoots for the Stars,2012,Live-Action,Spin-Off
,An American Girl: Saige Paints the Sky,2013,Live-Action,Spin-Off
,An American Girl: Isabelle Dances Into the Spotlight,2014,Live-Action,Spin-Off
,An American Girl: Grace Stirs Up Success,2015,Live-Action,Spin-Off
,An American Girl Story – Maryellen 1955: Extraordinary Christmas,2016,Live-Action,Spin-Off
,An American Girl Story – Melody 1963: Love Has to Win,2016,Live-Action,Spin-Off
,An American Girl: Lea to the Rescue,2016,Live-Action,Spin-Off
,An American Girl Story – Ivy & Julie 1976: A Happy Balance,2017,Live-Action,Spin-Off
An American Tail,,,,
,An American Tail,1986,Animated,Original
,An American Tail: Fievel Goes West,1991,Animated,Sequel
,An American Tail: The Treasure Of Manhattan Island,1998,Animated,Sequel
,An American Tail: The Mystery Of The Night Monster,1999,Animated,Sequel
An Inconvenient Truth,,,,
,An Inconvenient Truth,2006,Live-Action,Original
,An Inconvenient Sequel: Truth to Power,2017,Live-Action,Sequel
Analyze,,,,
,Analyze This,1999,Live-Action,Original
,Analyze That,2002,Live-Action,Sequel
Anchorman,,,,
,Anchorman: The Legend of Ron Burgundy,2004,Live-Action,Original
,"Wake Up, Ron Burgundy: The Lost Movie",2004,Live-Action,Spin-Off
,Anchorman 2: The Legend Continues,2013,Live-Action,Sequel
Annabelle,,,,
,Annabelle,2014,Live-Action,Original
,Annabelle: Creation,2017,Live-Action,Sequel
,Annabelle Comes Home,2019,Live-Action,Sequel
Ant-Man,,,,
,Ant-Man,2015,Live-Action,Original
,Ant-Man and the Wasp,2018,Live-Action,Sequel
Apple Dumpling Gang,,,,
,The Apple Dumpling Gang,1975,Live-Action,Original
,The Apple Dumpling Gang Rides Again,1979,Live-Action,Sequel
Appleseed,,,,
,Appleseed,1988,Animated,Original
,Appleseed,2004,Animated,Remake
,Appleseed: Ex Machina,2007,Animated,Sequel
,Appleseed Alpha,2014,Animated,Spin-Off
Arthur,,,,
,Arthur,1981,Live-Action,Original
,Arthur 2: On the Rocks,1988,Live-Action,Sequel
Atlantis,,,,
,Atlantis: The Lost Empire,2001,Animated,Original
,Atlantis: Milo's Return,2003,Animated,Sequel
,Atlantis: The Lost Empire,2021,Live-Action,Original
Atlas Shrugged,,,,
,Atlas Shrugged: Part I,2011,Live-Action,Original
,Atlas Shrugged: Part II,2012,Live-Action,Sequel
,Atlas Shrugged: Part III,2014,Live-Action,Sequel
Austin Powers,,,,
,Austin Powers: International Man of Mystery,1997,Live-Action,Original
,Austin Powers: The Spy Who Shagged Me,1999,Live-Action,Sequel
,Austin Powers in Goldmember,2002,Live-Action,Sequel
Avatar,,,,
,Avatar,2009,Live-Action,Original
,Avatar 2,2021,Live-Action,Sequel
,Avatar 3,2023,Live-Action,Sequel
,Avatar 4,2024,Live-Action,Sequel
The Avengers,,,,
,The Avengers,2012,Live-Action,Original
,Avengers: Age of Ultron,2015,Live-Action,Sequel
,Avengers: Infinity War,2018,Live-Action,Sequel
,Avengers: Endgame,2019,Live-Action,Sequel
B,,,,
Babylon 5,,,,
,The Gathering,1993,Live-Action,TV Movie
,Babylon 5: In the Beginning,1998,Live-Action,TV Movie
,Babylon 5: The River of Souls,1998,Live-Action,TV Movie
,Babylon 5: Thirdspace,1998,Live-Action,TV Movie
,Babylon 5: A Call to Arms,1999,Live-Action,TV Movie
,Babylon 5: The Legend of the Rangers: To Live and Die in Starlight,2002,Live-Action,TV Movie
,Babylon 5: The Lost Tales,2007,Live-Action,Spin-Off
Back to the Future,,,,
,Back to the Future,1985,Live-Action,Original
,Back to the Future Part II,1989,Live-Action,Sequel
,Back to the Future Part III,1990,Live-Action,Sequel
Bad Boys,,,,
,Bad Boys,1995,Live-Action,Original
,Bad Boys II,2003,Live-Action,Sequel
,Bad Boys for Life,2020,Live-Action,Sequel
Bad Moms,,,,
,Bad Moms,2016,Live-Action,Original
,A Bad Moms Christmas,2017,Live-Action,Sequel
Bad Santa,,,,
,Bad Santa,2003,Live-Action,Original
,Bad Santa 2,2016,Live-Action,Sequel
Balto,,,,
,Balto,1995,Animated,Original
,Balto II: Wolf Quest,2002,Animated,Sequel
,Balto III: Wings of Change,2004,Animated,Sequel
Bambi,,,,
,Bambi,1942,Animated,Original
,Bambi II,2006,Animated,Sequel
Barbershop,,,,
,Barbershop,2002,Live-Action,Original
,Barbershop 2: Back in Business,2004,Live-Action,Sequel
,Barbershop: The Next Cut,2016,Live-Action,Sequel
Basic Instinct,,,,
,Basic Instinct,1992,Live-Action,Original
,Basic Instinct 2,2006,Live-Action,Sequel
Batman,,,,
,Batman,1943,Live-Action,Original
,Batman and Robin,1949,Live-Action,Sequel
,Batman,1966,Live-Action,Remake
,Batman,1989,Live-Action,Original
,Batman Returns,1992,Live-Action,Sequel
,Batman Forever,1995,Live-Action,Sequel
,Batman & Robin,1997,Live-Action,Sequel
,Batman Begins,2005,Live-Action,Original
,The Dark Knight,2008,Live-Action,Sequel
,The Dark Knight Rises,2012,Live-Action,Sequel
,Batman v Superman: Dawn of Justice,2016,Live-Action,Spin-Off
,Batman: Hush,2019,Animated,Original
,The Batman,2021,Live-Action,Original
Beastmaster,,,,
,The Beastmaster,1982,Live-Action,Original
,Beastmaster 2: Through the Portal of Time,1991,Live-Action,Sequel
,Beastmaster III: The Eye of Braxus,1996,Live-Action,Sequel
Beauty and the Beast,,,,
,Beauty and the Beast,1991,Animated,Original
,Beauty and the Beast: The Enchanted Christmas,1997,Animated,Sequel
,Belle's Magical World,1998,Animated,Sequel
,Belle's Tales of Friendship,1999,Animated,Sequel
,Beauty and the Beast,2017,Live-Action,Original
Beethoven,,,,
,Beethoven,1992,Live-Action,Original
,Beethoven's 2nd,1993,Live-Action,Sequel
,Beethoven's 3rd,2000,Live-Action,Sequel
,Beethoven's 4th,2001,Live-Action,Sequel
,Beethoven's 5th,2003,Live-Action,Sequel
,Beethoven's Big Break,2008,Live-Action,Sequel
,Beethoven's Christmas Adventure,2011,Live-Action,Sequel
,Beethoven's Treasure Tail,2014,Live-Action,Sequel
Before,,,,
,Before Sunrise,1995,Live-Action,Original
,Before Sunset,2004,Live-Action,Sequel
,Before Midnight,2013,Live-Action,Sequel
Berserk: Golden Age Arc,,,,
,Berserk: Golden Age Arc I - The Egg of the King,2012,Animated,Original
,Berserk: Golden Age Arc II - The Battle for Doldrey,2012,Animated,Sequel
,Berserk: Golden Age Arc III - The Advent,2013,Animated,Sequel
Best of the Best,,,,
,Best of the Best,1989,Live-Action,Original
,Best of the Best II,1993,Live-Action,Sequel
,Best of the Best 3: No Turning Back,1995,Live-Action,Sequel
,Best of the Best 4: Without Warning,1998,Live-Action,Sequel
Beverly Hills Cop,,,,
,Beverly Hills Cop,1984,Live-Action,Original
,Beverly Hills Cop II,1987,Live-Action,Sequel
,Beverly Hills Cop III,1994,Live-Action,Sequel
Big Momma's House,,,,
,Big Momma's House,2000,Live-Action,Original
,Big Momma's House 2,2006,Live-Action,Sequel
,"Big Momma's: Like Father, Like Son",2011,Live-Action,Sequel
Bill & Ted,,,,
Bill & Ted,,,,
,Bill & Ted's Excellent Adventure,1989,Live-Action,Original
,Bill & Ted's Excellent Adventure,1989,Live-Action,Original
,Bill & Ted's Bogus Journey,1991,Live-Action,Sequel
,Bill & Ted's Bogus Journey,1991,Live-Action,Sequel
,Bill & Ted Face the Music,2020,Live-Action,Reboot
,Bill & Ted Face the Music,2020,Live-Action,Sequel
Blade Runner,,,,
,Blade Runner,1982,Live-Action,Original
,Blade Runner 2049,2017,Live-Action,Sequel
Blade,,,,
,Blade,1998,Live-Action,Original
,Blade II,2002,Live-Action,Sequel
,Blade: Trinity,2004,Live-Action,Sequel
The Blue Lagoon,,,,
,The Blue Lagoon,1980,Live-Action,Original
,Return to the Blue Lagoon,1991,Live-Action,Sequel
,Blue Lagoon: The Awakening,2012,Live-Action,TV Movie
The Blues Brothers,,,,
,The Blues Brothers,1980,Live-Action,Original
,Blues Brothers 2000,1998,Live-Action,Sequel
The Boondock Saints,,,,
,The Boondock Saints,1999,Live-Action,Original
,The Boondock Saints II: All Saints Day,2009,Live-Action,Sequel
Bourne,,,,
,The Bourne Identity,2002,Live-Action,Original
,The Bourne Supremacy,2004,Live-Action,Sequel
,The Bourne Ultimatum,2007,Live-Action,Sequel
,The Bourne Legacy,2012,Live-Action,Spin-Off
,Jason Bourne,2016,Live-Action,Sequel
Bridget Jones,,,,
,Bridget Jones's Diary,2001,Live-Action,Original
,Bridget Jones: The Edge of Reason,2004,Live-Action,Sequel
,Bridget Jones's Baby,2016,Live-Action,Sequel
Bring it On,,,,
,Bring it On,2000,Live-Action,Original
,Bring it On Again,2004,Live-Action,Sequel
,Bring it On: All or Nothing,2006,Live-Action,Sequel
,Bring it On : In It to Win It,2007,Live-Action,Sequel
,Bring it On: Fight to the Finish,2009,Live-Action,Sequel
The Butterfly Effect,,,,
,The Butterfly Effect,2004,Live-Action,Original
,The Butterfly Effect 2,2006,Live-Action,Sequel
,The Butterfly Effect 3: Revelation,2009,Live-Action,Sequel
C,,,,
Caddyshack,,,,
,Caddyshack,1980,Live-Action,Original
,Caddyshack II,1988,Live-Action,Sequel
Camp Rock,,,,
,Camp Rock,2008,Live-Action,Original
,Camp Rock 2: The Final Jam,2010,Live-Action,Sequel
Cannonball Run,,,,
,The Cannonball Run,1981,Live-Action,Original
,Cannonball Run II,1984,Live-Action,Sequel
,Speed Zone,1989,Live-Action,Sequel
Captain America,,,,
,Captain America,1944,Live-Action,Original
,Captain America,1979,Live-Action,Remake
,Captain America,1990,Live-Action,Remake
,Captain America: The First Avenger,2011,Live-Action,Original
,Captain America: The Winter Soldier,2014,Live-Action,Sequel
,Captain America: Civil War,2016,Live-Action,Sequel
Cars,,,,
,Cars,2006,Animated,Original
,Cars 2,2011,Animated,Sequel
,Cars 3,2017,Animated,Sequel
Charlie's Angels,,,,
,Charlie's Angels,2000,Live-Action,Original
,Charlie's Angels: Full Throttle,2003,Live-Action,Sequel
Cheaper by the Dozen,,,,
,Cheaper by the Dozen,2003,Live-Action,Original
,Cheaper by the Dozen 2,2005,Live-Action,Sequel
Child's Play,,,,
,Child's Play,1988,Live-Action,Original
,Child's Play 2,1990,Live-Action,Sequel
,Child's Play 3,1991,Live-Action,Sequel
,Bride of Chucky,1998,Live-Action,Sequel
,Seed of Chucky,2004,Live-Action,Sequel
,Curse of Chucky,2013,Live-Action,Sequel
,Cult of Chucky,2017,Live-Action,Sequel
,Child's Play,2019,Live-Action,Remake
Children of the Corn,,,,
,Children of the Corn,1984,Live-Action,Original
,Children of the Corn II: The Final Sacrifice,1992,Live-Action,Sequel
,Children of the Corn III: Urban Harvest,1995,Live-Action,Sequel
,Children of the Corn IV: The Gathering,1996,Live-Action,Sequel
,Children of the Corn V: Fields of Terror,1998,Live-Action,Sequel
,Children of the Corn 666: Isaac's Return,1999,Live-Action,Sequel
,Children of the Corn: Revelation,2001,Live-Action,Sequel
,Children of the Corn,2009,Live-Action,Sequel
,Children of the Corn: Genesis,2011,Live-Action,Sequel
,Children of the Corn: Runaway,2018,Live-Action,Sequel
The Chronicles of Narnia,,,,
,"The Chronicles of Narnia: The Lion, the Witch, and the Wardrobe",2005,Live-Action,Original
,The Chronicles of Narnia: Prince Caspian,2008,Live-Action,Sequel
,The Chronicles of Narnia: The Voyage of the Dawn Treader,2010,Live-Action,Sequel
,The Chronicles of Narnia: The Silver Chair,TBD,Live-Action,Sequel
The Chronicles of Riddick,,,,
,Pitch Black,2000,Live-Action,Original
,The Chronicles of Riddick,2004,Live-Action,Sequel
,Riddick,2013,Live-Action,Sequel
Cinderella,,,,
,Cinderella,1950,Animated,Original
,Cinderella,1977,Animated,Remake
,Ever After: A Cinderella Story,1998,Live-Action,Original
,Cinderella 2: Dreams Come True,2002,Animated,Sequel
,A Cinderella Story,2004,Live-Action,Original
,Ella Enchanted,2004,Live-Action,Original
,Cinderella 3: A Twist in Time,2007,Animated,Sequel
,Another Cinderella Story,2008,Live-Action,Original
,Elle: A Modern Cinderella Tale,2010,Live-Action,Original
,A Cinderella Story: Once Upon a Song,2011,Live-Action,Original
,Into the Woods,2014,Live-Action,Original
,After the Ball,2015,Live-Action,Original
,Cinderella,2015,Live-Action,Original
,A Cinderella Story: If the Shoe Fits,2016,Live-Action,Sequel
City Slickers,,,,
,City Slickers,1991,Live-Action,Original
,City Slickers II: The Legend of Curly's Gold,1994,Live-Action,Sequel
Clash of the Titans,,,,
,Clash of the Titans,2010,Live-Action,Original
,Wrath of the Titans,2012,Live-Action,Sequel
Clerks,,,,
,Clerks,1994,Live-Action,Original
,Chasing Army,1997,Live-Action,Sequel
,Clerks II,2006,Live-Action,Sequel
Cloverfield,,,,
,Cloverfield,2008,Live-Action,Original
,10 Cloverfield Lane,2016,Live-Action,Sequel
,The Cloverfield Paradox,2018,Live-Action,Sequel
The Collector,,,,
,The Collector,2009,Live-Action,Original
,The Collection,2012,Live-Action,Sequel
Conan,,,,
,Conan the Barbarian,1982,Live-Action,Original
,Conan the Destroyer,1984,Live-Action,Sequel
Conjuring Universe,,,,
,The Conjuring,2013,Live-Action,Original
,Annabelle,2014,Live-Action,Original
,The Conjuring 2,2016,Live-Action,Sequel
,Annabelle: Creation,2017,Live-Action,Sequel
,The Nun,2018,Live-Action,Original
,Annabelle Comes Home,2019,Live-Action,Sequel
,The Curse of La Llorona,2019,Live-Action,Original
,The Conjuring 3,2020,Live-Action,Sequel
,The Crooked Man,TBA,Live-Action,Original
Crank,,,,
,Crank,2006,Live-Action,Original
,Crank: High Voltage,2009,Live-Action,Sequel
Creed,,,,
,Creed,2015,Live-Action,Original
,Creed II,2018,Live-Action,Sequel
Creepshow,,,,
,Creepshow,1982,Live-Action,Original
,Creepshow 2,1987,Live-Action,Sequel
,Creepshow 3,2006,Live-Action,Sequel
Crocodile Dundee,,,,
,Crocodile Dundee,1986,Live-Action,Original
,Crocodile Dundee II,1988,Live-Action,Sequel
,Crocodile Dundee in Los Angeles,2001,Live-Action,Sequel
The Croods,,,,
,The Croods,2013,Animated,Original
,The Croods 2,2020,Animated,Sequel
The Crow,,,,
,The Crow,1994,Live-Action,Original
,The Crow: City of Angels,1996,Live-Action,Sequel
,The Crow: Salvation,2000,Live-Action,Sequel
,The Crow: Wicked Prayer,2005,Live-Action,Sequel
D,,,,
DC Extended Universe,,,,
,Man of Steel,2013,Live-Action,Original
,Batman v Superman: Dawn of Justice,2016,Live-Action,Original
,Suicide Squad,2016,Live-Action,Original
,Justice League,2017,Live-Action,Original
,Wonder Woman,2017,Live-Action,Original
,Aquaman,2018,Live-Action,Original
,Joker,2019,Live-Action,Original
,Shazam!,2019,Live-Action,Original
,Birds of Prey,2020,Live-Action,Original
,The Flash,2020,Live-Action,Original
,Wonder Woman 1984,2020,Live-Action,Original
,The Batman,2021,Live-Action,Original
Daddy's Home,,,,
,Daddy's Home,2015,Live-Action,Original
,Daddy's Home 2,2017,Live-Action,Sequel
The Dark Knight,,,,
,Batman Begins,2005,Live-Action,Original
,The Dark Knight,2008,Live-Action,Sequel
,The Dark Knight Rises,2012,Live-Action,Sequel
Deadpool,,,,
,Deadpool,2016,Live-Action,Original
,Deadpool 2,2018,Live-Action,Sequel
,Once Upon A Deadpool,2018,Live-Action,Spin-Off
Death Wish,,,,
,Death Wish,1974,Live-Action,Original
,Death Wish II,1982,Live-Action,Sequel
,Death Wish 3,1985,Live-Action,Sequel
,Death Wish 4: The Crackdown,1987,Live-Action,Sequel
,Death Wish V: The Face of Death,1994,Live-Action,Sequel
,Death Wish,2018,Live-Action,Remake
Delta Force,,,,
,The Delta Force,1986,Live-Action,Original
,Delta Force 2: The Colombian Connection,1990,Live-Action,Sequel
,Delta Force 3: The Killing Game,1991,Live-Action,Sequel
Descendants,,,,
,Descendants,2015,Live-Action,Original
,Descendants 2,2017,Live-Action,Sequel
,Descendants 3,2019,Live-Action,Sequel
Despicable Me,,,,
,Despicable Me,2010,Animated,Original
,Despicable Me 2,2013,Animated,Sequel
,Minions,2015,Animated,Spin-Off
,Despicable Me 3,2017,Animated,Sequel
,Minions: The Rise of Gru,2020,Animated,Spin-Off
Diary of a Wimpy Kid,,,,
,Diary of a Wimpy Kid,2010,Live-Action,Original
,Diary of a Wimpy Kid: Rodrick Rules,2011,Live-Action,Sequel
,Diary of a Wimpy Kid: Dog Days,2012,Live-Action,Sequel
,Diary of a Wimpy Kid: The Long Haul,2017,Live-Action,Sequel
Die Hard,,,,
,Die Hard,1988,Live-Action,Original
,Die Hard 2,1990,Live-Action,Sequel
,Die Hard with a Vengeance,1995,Live-Action,Sequel
,Live Free or Die Hard,2007,Live-Action,Sequel
,A Good Day to Die Hard,2013,Live-Action,Sequel
Dirk Pitt,,,,
,Raise the Titanic,1980,Live-Action,Original
,Sahara,2005,Live-Action,Original
Dirty Harry,,,,
,Dirty Harry,1971,Live-Action,Original
,Magnum Force,1973,Live-Action,Sequel
,The Enforcer,1976,Live-Action,Sequel
,Sudden Impact,1983,Live-Action,Sequel
,The Dead Pool,1988,Live-Action,Sequel
Divergent,,,,
,Divergent,2014,Live-Action,Original
,Insurgent,2015,Live-Action,Sequel
,Allegiant,2016,Live-Action,Sequel
Doctor Strange,,,,
,Doctor Strange,2016,Live-Action,Original
,Doctor Strange in the Multiverse of Madness,2021,Live-Action,Sequel
Dr. Dolittle,,,,
,Dr. Dolittle,1998,Live-Action,Original
,Dr. Dolittle 2,2001,Live-Action,Sequel
,Dr. Dolittle 3,2006,Live-Action,Sequel
,Dr. Dolittle: Tail to the Chief,2008,Live-Action,Sequel
,Dr. Dolittle: Million Dollar Mutts,2009,Live-Action,Sequel
Dragonheart,,,,
,Dragonheart,1996,Both,Original
,Dragonheart: A New Beginning,2000,Both,Sequel
,Dragonheart 3: The Sorcerer's Curse,2015,Both,Sequel
The Dukes of Hazzard,,,,
,The Dukes of Hazzard,2005,Live-Action,Original
,The Dukes of Hazzard: The Beginning,2007,Live-Action,Prequel
Dumb & Dumber,,,,
,Dumb and Dumber,1994,Live-Action,Original
,Dumb and Dumberer: When Harry Met Lloyd,2003,Live-Action,Prequel
,Dumb and Dumber To,2014,Live-Action,Sequel
Dumbo,,,,
,Dumbo,1941,Animated,Original
,Dumbo,2019,Live-Action,Remake
E,,,,
The Emperor's New Groove,,,,
,The Emperor's New Groove,2000,Animated,Original
,Kronk's New Groove,2005,Animated,Sequel
The Equalizer,,,,
,The Equalizer,2014,Live-Action,Original
,The Equalizer 2,2018,Live-Action,Sequel
Ernest,,,,
,Ernest Goes to Camp,1987,Live-Action,Original
,Ernest Saves Christmas,1988,Live-Action,Sequel
,Ernest Goes to Jail,1990,Live-Action,Sequel
,Ernest Scared Stupid,1991,Live-Action,Sequel
,Ernest Rides Again,1993,Live-Action,Sequel
,Ernest Goes to School,1994,Live-Action,Sequel
,Slam Dunk Ernest,1995,Live-Action,Sequel
,Ernest Goes to Africa,1997,Live-Action,Sequel
,Ernest in the Army,1998,Live-Action,Sequel
Escape Plan,,,,
,Escape Plan,2013,Live-Action,Original
,Escape Plan 2: Hades,2018,Live-Action,Sequel
,Escape Plan: The Extractors,2019,Live-Action,Sequel
Escape from...,,,,
,Escape from New York,1981,Live-Action,Original
,Escape from L.A.,1996,Live-Action,Sequel
Evil Dead,,,,
,The Evil Dead,1981,Live-Action,Original
,Evil Dead II,1987,Live-Action,Sequel
,Army of Darkness,1992,Live-Action,Sequel
,Evil Dead,2013,Live-Action,Remake
The Expendables,,,,
,The Expendables,2010,Live-Action,Original
,The Expendables 2,2012,Live-Action,Sequel
,The Expendables 3,2014,Live-Action,Sequel
F,,,,
Fantastic Beasts,,,,
,Fantastic Beasts and Where To Find Them,2016,Live-Action,Original
,Fantastic Beasts: The Crimes of Grindelwald,2018,Live-Action,Sequel
Fantastic Four,,,,
,The Fantastic Four,1994,Live-Action,Original
,Fantastic Four,2005,Live-Action,Original
,Fantastic Four: Rise of the Silver Surfer,2007,Live-Action,Sequel
,Fantastic Four,2015,Live-Action,Remake
The Fast and the Furious,,,,
,The Fast and the Furious,2001,Live-Action,Original
,2 Fast 2 Furious,2003,Live-Action,Sequel
,The Fast and the Furious: Tokyo Drift,2006,Live-Action,Sequel
,Fast & Furious,2009,Live-Action,Sequel
,Fast Five,2011,Live-Action,Sequel
,Fast & Furious 6,2013,Live-Action,Sequel
,Furious 7,2015,Live-Action,Sequel
,The Fate of the Furious,2017,Live-Action,Sequel
,Fast & Furious Presents: Hobbs & Shaw,2019,Live-Action,Spin-Off
Father of the Bride,,,,
,Father of the Bride,1991,Live-Action,Original
,Father of the Bride II,1995,Live-Action,Sequel
Fifty Shades,,,,
,Fifty Shades of Grey,2015,Live-Action,Original
,Fifty Shades Darker,2017,Live-Action,Sequel
,Fifty Shades Freed,2018,Live-Action,Sequel
Final Destination,,,,
,Final Destination,2000,Live-Action,Original
,Final Destination 2,2003,Live-Action,Sequel
,Final Destination 3,2006,Live-Action,Sequel
,The Final Destination,2009,Live-Action,Sequel
,Final Destination 5,2011,Live-Action,Sequel
Finding Nemo,,,,
,Finding Nemo,2003,Animated,Original
,Finding Dory,2016,Animated,Sequel
Fletch,,,,
,Fletch,1985,Live-Action,Original
,Fletch Lives,1989,Live-Action,Sequel
The Fly,,,,
,The Fly,1986,Live-Action,Original
,The Fly II,1989,Live-Action,Sequel
Footloose,,,,
,Footloose,1984,Live-Action,Original
,Footloose,2011,Live-Action,Remake
Fox and the Hound,,,,
,The Fox and the Hound,1981,Animated,Original
,The Fox and the Hound 2,2006,Animated,Sequel
Free Willy,,,,
,Free Willy,1993,Live-Action,Original
,Free Willy 2: The Adventure Home,1995,Live-Action,Sequel
,Free Willy 3: The Rescue,1997,Live-Action,Sequel
,Free Willy: Escape from Pirate's Cove,2010,Live-Action,Sequel
French Connection,,,,
,The French Connection,1971,Live-Action,Original
,French Connection II,1975,Live-Action,Sequel
Friday the 13th,,,,
,Friday the 13th,1980,Live-Action,Original
,Friday the 13th Part 2,1981,Live-Action,Sequel
,Friday the 13th Part III,1982,Live-Action,Sequel
,Friday the 13th: The Final Chapter,1984,Live-Action,Sequel
,Friday the 13th: A New Beginning,1985,Live-Action,Sequel
,Friday the 13th Part VI: Jason Lives,1986,Live-Action,Sequel
,Friday the 13th Part VII: The New Blood,1988,Live-Action,Sequel
,Friday the 13th Part VIII: Jason Takes Manhattan,1989,Live-Action,Sequel
,Jason Goes to Hell: The Final Friday,1993,Live-Action,Sequel
,Jason X,2001,Live-Action,Sequel
,Freddy vs. Jason,2003,Live-Action,Sequel
,Friday the 13th,2009,Live-Action,Remake
Friday,,,,
,Friday,1995,Live-Action,Original
,Next Friday,2000,Live-Action,Sequel
,Last Friday,2013,Live-Action,Sequel
Fright Night,,,,
,Fright Night,1985,Live-Action,Original
,Fright Night Part 2,1988,Live-Action,Sequel
,Fright Night,2011,Live-Action,Remake
,Fright Night 2: New Blood,2013,Live-Action,Sequel
From Dusk Till Dawn,,,,
,From Dusk Till Dawn,1996,Live-Action,Original
,From Dusk Till Dawn 2: Texas Blood Money,1999,Live-Action,Sequel
Frozen,,,,
,Frozen,2013,Animated,Original
,Olaf's Frozen Adventure,2017,Animated,Spin-Off
,Frozen II,2019,Animated,Sequel
G,,,,
G.I. Joe,,,,
,G.I. Joe: The Rise of Cobra,2009,Live-Action,Original
,G.I. Joe: Retaliation,2013,Live-Action,Sequel
Garfield,,,,
,Garfield As Himself,2004,Both,Original
,Garfield Holiday Celebrations,2004,Both,Original
,Garfield Fantasies,2005,Both,Original
,Garfield Travel Adventures,2005,Both,Original
,The Garfield Holiday Collection,2014,Both,Original
,Garfield: Nine Lives,2018,Both,Original
Get Smart,,,,
,The Nude Bomb,1980,Live-Action,Spin-Off
,"Get Smart, Again!",1989,Live-Action,Spin-Off
,Get Smart,2008,Live-Action,Reboot
Ghost Rider,,,,
,Ghost Rider,2007,Live-Action,Original
,Ghost Rider: Spirit of Vengeance,2011,Live-Action,Sequel
Ghostbusters,,,,
,Ghostbusters,1984,Live-Action,Original
,Ghostbusters II,1989,Live-Action,Sequel
,Ghostbusters,2016,Live-Action,Remake
,Ghostbusters 2020,2020,Live-Action,Sequel
The Godfather,,,,
,The Godfather,1972,Live-Action,Original
,The Godfather Part II,1974,Live-Action,Sequel
,The Godfather Part III,1990,Live-Action,Sequel
Godzilla,,,,
,Godzilla,1954,Live-Action,Original
,Godzilla Raids Again,1955,Live-Action,Sequel
,King Kong vs. Godzilla,1962,Live-Action,Sequel
,"Ghidorah, the Three-Headed Monster",1964,Live-Action,Sequel
,Mothra vs. Godzilla,1964,Live-Action,Sequel
,Invasion of Astro-Monster,1965,Live-Action,Sequel
,"Ebirah, Horror of the Deep",1966,Live-Action,Sequel
,Son of Godzilla,1967,Live-Action,Sequel
,Destroy all Monsters,1968,Live-Action,Sequel
,All Monsters Attack,1969,Live-Action,Sequel
,Godzilla vs. Hedorah,1971,Live-Action,Sequel
,Godzilla vs. Gigan,1972,Live-Action,Sequel
,Godzilla vs. Megalon,1973,Live-Action,Sequel
,Godzilla vs. Mechagodzilla,1974,Live-Action,Sequel
,Terror of Mechagodzilla,1975,Live-Action,Sequel
,The Return of Godzilla,1984,Live-Action,Sequel
,Godzilla vs. Biollante,1989,Live-Action,Sequel
,Godzilla vs. King Ghidorah,1991,Live-Action,Sequel
,Godzilla vs. Mothra,1992,Live-Action,Sequel
,Godzilla vs. Mechagodzilla II,1993,Live-Action,Sequel
,Godzilla vs. SpaceGodzilla,1994,Live-Action,Sequel
,Godzilla vs. Destoroyah,1995,Live-Action,Sequel
,GODZILLA,1998,Live-Action,Sequel
,Godzilla 2000: Millennium,1999,Live-Action,Sequel
,Godzilla vs. Megaguirus,2000,Live-Action,Sequel
,"Godzilla, Mothra, King Ghidorah: Giant Monsters All-Out Attack ",2001,Live-Action,Sequel
,Godzilla Against Mechagodzilla,2002,Live-Action,Sequel
,Godzilla: Tokyo S.O.S.,2003,Live-Action,Sequel
,Godzilla: Final Wars,2004,Live-Action,Sequel
,Godzilla,2014,Live-Action,Remake
,Shin Godzilla,2016,Live-Action,Sequel
,GODZILLA: Planet of the Monsters,2017,Animated,Original
,GODZILLA: City on the Edge of Battle,2018,Animated,Sequel
,GODZILLA: The Planet Eater,2018,Animated,Sequel
,Godzilla: King of the Monsters,2019,Live-Action,Sequel
,Godzilla vs. Kong,2020,Live-Action,Sequel
Goosebumps,,,,
,Goosebumps,2015,Live-Action,Original
,Goosebumps 2: Haunted Halloween,2018,Live-Action,Sequel
Grease,,,,
,Grease,1978,Live-Action,Original
,Grease 2,1982,Live-Action,Sequel
Gremlins,,,,
,Gremlins,1984,Both,Original
,Gremlins 2: The New Batch,1990,Both,Sequel
Grown Ups,,,,
,Grown Ups,2010,Live-Action,Original
,Grown Ups 2,2013,Live-Action,Sequel
The Grudge,,,,
,The Grudge,2004,Live-Action,Original
,The Grudge 2,2006,Live-Action,Sequel
,The Grudge 3,2009,Live-Action,Sequel
Grumpy Old Men,,,,
,Grumpy Old Men,1993,Live-Action,Original
,Grumpier Old Men,1995,Live-Action,Sequel
Guardians of the Galaxy,,,,
,Guardians of the Galaxy,2014,Live-Action,Original
,Guardians of the Galaxy Vol. 2,2017,Live-Action,Sequel
,Guardians of the Galaxy Vol. 3,2022,Live-Action,Sequel
H,,,,
Halloween,,,,
,Halloween,1978,Live-Action,Original
,Halloween II,1981,Live-Action,Sequel
,Halloween III: Season of the Witch,1982,Live-Action,Spin-Off
,Halloween 4: The Return of Michael Myers,1988,Live-Action,Sequel
,Halloween 5: The Revenge of Michael Myers,1989,Live-Action,Sequel
,Halloween: The Curse of Michael Myers,1995,Live-Action,Sequel
,Halloween H20: 20 Years Later,1998,Live-Action,Sequel
,Halloween: Resurrection,2002,Live-Action,Sequel
,Halloween,2007,Live-Action,Remake
,Halloween II,2009,Live-Action,Sequel
,Halloween,2018,Live-Action,Remake
,Halloween Kills,2020,Live-Action,Sequel
,Halloween Ends,2021,Live-Action,Sequel
The Hangover,,,,
,The Hangover,2009,Live-Action,Original
,The Hangover Part II,2011,Live-Action,Sequel
,The Hangover Part III,2013,Live-Action,Sequel
Hannibal Lecter,,,,
,Manhunter,1986,Live-Action,Original
,The Silence of the Lambs,1991,Live-Action,Original
,Hannibal,2001,Live-Action,Sequel
,Red Dragon,2002,Live-Action,Prequel
,Hannibal Rising,2007,Live-Action,Prequel
Happy Death Day,,,,
,Happy Death Day,2017,Live-Action,Original
,Happy Death Day 2U,2019,Live-Action,Sequel
Happy Feet,,,,
,Happy Feet,2006,Animated,Original
,Happy Feet Two,2011,Animated,Sequel
Harold & Kumar,,,,
,Harold & Kumar Go to White Castle,2004,Live-Action,Original
,Harold & Kumar Escape from Guantanamo Bay,2008,Live-Action,Sequel
,A Very Harold & Kumar Christmas,2011,Live-Action,Sequel
Harry Potter,,,,
,Harry Potter and the Sorcerer's Stone,2001,Live-Action,Original
,Harry Potter and the Chamber of Secrets,2002,Live-Action,Sequel
,Harry Potter and the Prisoner of Azkaban,2004,Live-Action,Sequel
,Harry Potter and the Goblet of Fire,2005,Live-Action,Sequel
,Harry Potter and the Order of the Phoenix,2007,Live-Action,Sequel
,Harry Potter and the Half Blood Prince,2009,Live-Action,Sequel
,Harry Potter and the Deathly Hallows: Part 1,2010,Live-Action,Sequel
,Harry Potter and the Deathly Hallows: Part 2,2011,Live-Action,Sequel
Hellboy,,,,
,Hellboy,2004,Live-Action,Original
,Hellboy II: The Golden Army,2008,Live-Action,Sequel
,Hellboy,2019,Live-Action,Reboot
Hellraiser,,,,
,Hellraiser,1987,Live-Action,Original
,Hellbound: Hellraiser II,1988,Live-Action,Sequel
,Hellraiser III: Hell on Earth,1992,Live-Action,Sequel
,Hellraiser: Bloodline,1996,Live-Action,Sequel
,Hellraiser: Inferno,2000,Live-Action,Sequel
,Hellraiser: Hellseeker,2002,Live-Action,Sequel
,Hellraiser: Deader,2005,Live-Action,Sequel
,Hellraiser: Hellworld,2005,Live-Action,Sequel
,Hellraiser: Revelations,2011,Live-Action,Sequel
Herbie,,,,
,The Love Bug,1969,Live-Action,Original
,Herbie Rides Again,1974,Live-Action,Sequel
,Herbie Goes to Monte Carlo,1977,Live-Action,Sequel
,Herbie Goes Bananas,1980,Live-Action,Sequel
,The Love Bug,1997,Live-Action,TV Movie
,Herbie: Fully Loaded,2005,Live-Action,Sequel
High School Musical,,,,
,High School Musical,2006,Live-Action,Original
,High School Musical 2,2007,Live-Action,Sequel
,High School Musical 3: Senior Year,2008,Live-Action,Sequel
,Sharpay's Fabulous Adventure,2011,Live-Action,Spin-Off
Highlander,,,,
,Highlander,1986,Live-Action,Original
,Highlander II: The Quickening,1991,Live-Action,Sequel
,Highlander III: The Sorcerer,1994,Live-Action,Sequel
,Highlander: Endgame,2000,Live-Action,Sequel
,Highlander: The Search for Vengeance,2007,Live-Action,Sequel
,Highlander: The Source,2007,Live-Action,Sequel
Hitman,,,,
,Hitman,2007,Live-Action,Original
,Hitman: Agent 47,2015,Live-Action,Sequel
The Hobbit,,,,
,The Hobbit: An Unexpected Journey,2012,Live-Action,Original
,The Hobbit: The Desolation of Smaug,2013,Live-Action,Sequel
,The Hobbit: The Battle of the Five Armies,2014,Live-Action,Sequel
Home Alone,,,,
,Home Alone,1990,Live-Action,Original
,Home Alone 2: Lost in New York,1992,Live-Action,Sequel
,Home Alone 3,1997,Live-Action,Sequel
,Home Alone 4: Taking Back the House,2002,Live-Action,Sequel
,Home Alone: The Holiday Heist,2012,Live-Action,Sequel
Homeward Bound,,,,
,Homeward Bound: The Incredible Journey,1993,Live-Action,Original
,Homeward Bound II: Lost in San Francisco,1996,Live-Action,Sequel
"Honey, I Shrunk the Kids",,,,
,"Honey, I Shrunk the Kids",1989,Live-Action,Original
,"Honey, I Blew Up the Kid",1992,Live-Action,Sequel
,"Honey, We Shrunk Ourselves!",1997,Live-Action,Sequel
Horrible Bosses,,,,
,Horrible Bosses,2011,Live-Action,Original
,Horrible Bosses 2,2014,Live-Action,Sequel
Hostel,,,,
,Hostel,2005,Live-Action,Original
,Hostel: Part II,2007,Live-Action,Sequel
,Hostel: Part III,2011,Live-Action,Sequel
Hot Shots!,,,,
,Hot Shots!,1991,Live-Action,Original
,Hot Shots! Part Deux,1993,Live-Action,Sequel
Hot Tub Time Machine,,,,
,Hot Tub Time Machine,2010,Live-Action,Original
,Hot Tub Time Machine 2,2015,Live-Action,Sequel
Hotel Transylvania,,,,
,Hotel Transylvania,2012,Animated,Original
,Hotel Transylvania 2,2015,Animated,Sequel
,Hotel Transylvania 3: Summer Vacation,2018,Animated,Sequel
,Hotel Transylvania 4,2021,Animated,Sequel
How to Train Your Dragon,,,,
,How to Train Your Dragon,2010,Animated,Original
,How to Train Your Dragon 2,2014,Animated,Sequel
,How to Train Your Dragon: The Hidden World,2019,Animated,Sequel
The Human Condition,,,,
,No Greater Love,1959,Live-Action,Original
,Road to Eternity,1959,Live-Action,Sequel
,A Soldier's Prayer,1961,Live-Action,Sequel
Hunchback of Notre Dame,,,,
,The Hunchback of Notre Dame,1996,Animated,Original
,The Hunchback of Notre Dame II,2002,Animated,Sequel
The Hunger Games,,,,
,The Hunger Games,2012,Live-Action,Original
,The Hunger Games: Catching Fire,2013,Live-Action,Sequel
,The Hunger Games: Mockingjay - Part 1,2014,Live-Action,Sequel
,The Hunger Games: Mockingjay - Part 2,2015,Live-Action,Sequel
The Huntsman,,,,
,Snow White and the Huntsman,2012,Live-Action,Original
,The Huntsman: Winter's War,2016,Live-Action,Sequel
I,,,,
I Know What You Did Last Summer,,,,
,I Know What You Did Last Summer,1997,Live-Action,Original
,I Still Know What You Did Last Summer,1998,Live-Action,Sequel
,I'll Always Know What You Did Last Summer,2006,Live-Action,Sequel
Ice Age,,,,
,Ice Age,2002,Live-Action,Original
,Ice Age: The Meltdown,2006,Live-Action,Sequel
,Ice Age: Dawn of the Dinosaurs,2009,Live-Action,Sequel
,Ice Age: Continental Drift,2012,Live-Action,Sequel
,Ice Age: Collision Course,2016,Live-Action,Sequel
In the Name of the King,,,,
,In the Name of the King,2006,Live-Action,Original
,In the Name of the King 2: Two Worlds,2011,Live-Action,Sequel
,In the Name of the King 3: The Last Mission,2013,Live-Action,Sequel
The Incredibles,,,,
The Incredibles,,,,
,The Incredibles,2004,Animated,Original
,The Incredibles,2004,Animated,Original
,Incredibles 2,2018,Animated,Sequel
,Incredibles 2,2018,Animated,Sequel
Independence Day,,,,
,Independence Day,1996,Live-Action,Original
,Independence Day: Resurgence,2016,Live-Action,Sequel
Indiana Jones,,,,
,Raiders of the Lost Ark,1981,Live-Action,Original
,Indiana Jones and the Temple of Doom,1984,Live-Action,Sequel
,Indiana Jones and the Last Crusade,1989,Live-Action,Sequel
,Indiana Jones and the Kingdom of the Crystal Skull,2008,Live-Action,Sequel
Insidious,,,,
,Insidious,2010,Live-Action,Original
,Insidious: Chapter 2,2013,Live-Action,Sequel
,Insidious: Chapter 3,2015,Live-Action,Sequel
,Insidious: The Last Key,2018,Live-Action,Sequel
Inspector Gadget,,,,
,Inspector Gadget,1999,Live-Action,Original
,Inspector Gadget 2,2003,Live-Action,Sequel
Into the Blue,,,,
,Into the Blue,2005,Live-Action,Original
,Into the Blue 2: The Reef,2009,Live-Action,Sequel
Ip Man,,,,
,Ip Man,2008,Live-Action,Original
,Ip Man 2,2010,Live-Action,Sequel
,Ip Man 3,2015,Live-Action,Sequel
,Master Z: The Ip Man Legacy,2018,Live-Action,Sequel
Iron Eagle,,,,
,Iron Eagle,1986,Live-Action,Original
,Iron Eagle II,1988,Live-Action,Sequel
,Aces: Iron Eagle III,1992,Live-Action,Sequel
,Iron Eagle on the Attack,1995,Live-Action,Sequel
Iron Man,,,,
,Iron Man,2008,Live-Action,Original
,Iron Man 2,2010,Live-Action,Sequel
,Iron Man 3,2013,Live-Action,Sequel
Ironclad,,,,
,Ironclad,2011,Live-Action,Original
,Ironclad: Battle for Blood,2014,Live-Action,Sequel
It,,,,
,It,1990,Live-Action,Original
,It,2017,Live-Action,Reboot
,It Chapter Two,2019,Live-Action,Sequel
J,,,,
Jack Reacher,,,,
,Jack Reacher,2012,Live-Action,Original
,Jack Reacher: Never Go Back,2016,Live-Action,Sequel
Jack Ryan,,,,
,The Hunt for Red October,1990,Live-Action,Original
,Patriot Games,1992,Live-Action,Sequel
,Clear and Present Danger,1994,Live-Action,Sequel
,The Sum of All Fears,2002,Live-Action,Reboot
,Jack Ryan: Shadow Recruit,2014,Live-Action,Reboot
Jackass,,,,
,Jackass: The Movie,2002,Live-Action,Original
,Jackass Number Two,2006,Live-Action,Sequel
,Jackass 2.5,2007,Live-Action,Spin-Off
,Jackass 3D,2010,Live-Action,Sequel
,Jackass 3.5: The Unrated Movie,2011,Live-Action,Spin-Off
,Jackass Presents: Bad Grandpa,2013,Live-Action,Spin-Off
,Jackass Presents: Bad Grandpa .5,2014,Live-Action,Spin-Off
James Bond,,,,
,Dr. No,1962,Live-Action,Original
,From Russia with Love,1963,Live-Action,Sequel
,Goldfinger,1964,Live-Action,Sequel
,Thunderball,1965,Live-Action,Sequel
,Casino Royale,1967,Live-Action,Original
,You Only Live Twice,1967,Live-Action,Sequel
,On Her Majesty's Secret Service,1969,Live-Action,Sequel
,Diamonds Are Forever,1971,Live-Action,Sequel
,Live and Let Die,1973,Live-Action,Sequel
,The Man with the Golden Gun,1974,Live-Action,Sequel
,The Spy Who Loved Me,1977,Live-Action,Sequel
,Moonraker,1979,Live-Action,Sequel
,For Your Eyes Only,1981,Live-Action,Sequel
,Never Say Never Again,1983,Live-Action,Original
,Octopussy,1983,Live-Action,Sequel
,A View to Kill,1985,Live-Action,Sequel
,The Living Daylights,1987,Live-Action,Sequel
,License to Kill,1989,Live-Action,Sequel
,GoldenEye,1995,Live-Action,Sequel
,Tomorrow Never Dies,1997,Live-Action,Sequel
,The World is Not Enough,1999,Live-Action,Sequel
,Die Another Day,2002,Live-Action,Sequel
,Casino Royale,2006,Live-Action,Sequel
,Quantum of Solace,2008,Live-Action,Sequel
,Skyfall,2012,Live-Action,Sequel
,Spectre,2015,Live-Action,Sequel
,No Time to Die,2020,Live-Action,Sequel
Jaws,,,,
,Jaws,1975,Live-Action,Original
,Jaws 2,1978,Live-Action,Sequel
,Jaws 3-D,1983,Live-Action,Sequel
,Jaws: The Revenge,1987,Live-Action,Sequel
Joe Dirt,,,,
,Joe Dirt,2001,Live-Action,Original
,Joe Dirt 2: Beautiful Loser,2015,Live-Action,Sequel
John Wick,,,,
,John Wick,2014,Live-Action,Original
,John Wick: Chapter 2,2017,Live-Action,Sequel
,John Wick: Chapter 3 – Parabellum,2019,Live-Action,Sequel
Johnny English,,,,
,Johnny English,2003,Live-Action,Original
,Johnny English Reborn,2011,Live-Action,Sequel
,Johnny English Strikes Again,2018,Live-Action,Sequel
Journey to the Center of the Earth,,,,
,Journey to the Center of the Earth,1959,Live-Action,Original
,Journey to the Center of the Earth,1967 - 1969,Animated,TV Show
,A Journey to the Center of the Earth,1977,Animated,TV Movie
,Journey to the Center of the Earth,1993,Live-Action,Remake
,Journey to the Center of the Earth,1996,Animated,TV Movie
,Journey to the Center of the Earth,1999,Live-Action,Remake
,Jules Verne's Amazing Journeys - Journey to the Center of the Earth,2001,Animated,TV Movie
,Journey to the Center of the Earth,2008,Live-Action,Reboot
,Journey 2: The Mysterious Island,2012,Live-Action,Sequel
Jumanji,,,,
,Jumanji,1995,Live-Action,Original
,Jumanji: Welcome to the Jungle,2017,Live-Action,Sequel
,Jumanji: The Next Level,2019,Live-Action,Sequel
Jump Street,,,,
,21 Jump Street,1987,Live-Action,TV Show
,21 Jump Street,2012,Live-Action,Original
,22 Jump Street,2014,Live-Action,Sequel
The Jungle Book,,,,
,The Jungle Book,1942,Live-Action,Original
,The Jungle Book,1967,Animated,Reboot
,The Jungle Book 2,2003,Animated,Sequel
,The Jungle Book,2016,Live-Action,Reboot
,Mowgli: Legend of the Jungle,2018,Live-Action,Spin-Off
Jurassic Park,,,,
,Jurassic Park,1993,Live-Action,Original
,The Lost World: Jurassic Park,1997,Live-Action,Sequel
,Jurassic Park III,2001,Live-Action,Sequel
,Jurassic World,2015,Live-Action,Sequel
,Jurassic World: Fallen Kingdom,2018,Live-Action,Sequel
K,,,,
The Karate Kid,,,,
,The Karate Kid,1984,Live-Action,Original
,The Karate Kid Part II,1986,Live-Action,Sequel
,The Karate Kid Part III,1989,Live-Action,Sequel
,The Next Karate Kid,1994,Live-Action,Sequel
,The Karate Kid,2010,Live-Action,Remake
Kick-Ass,,,,
,Kick-Ass,2010,Live-Action,Original
,Kick-Ass 2,2013,Live-Action,Sequel
Kill Bill,,,,
,Kill Bill Vol. 1,2003,Live-Action,Original
,Kill Bill Vol. 2,2004,Live-Action,Sequel
Kindergarten Cop,,,,
,Kindergarten Cop,1990,Live-Action,Original
,Kindergarten Cop 2,2016,Live-Action,Sequel
King Kong,,,,
,King Kong,1933,Live-Action,Original
,Son of Kong,1933,Live-Action,Sequel
,King Kong vs. Godzilla,1962,Live-Action,Spin-Off
,King Kong Escapes,1967,Live-Action,Sequel
,King Kong,1976,Live-Action,Remake
,King Kong Lives,1986,Live-Action,Sequel
,The Mighty Kong,1998,Animated,Original
,King Kong,2005,Live-Action,Remake
,Kong: King of Atlantis,2005,Animated,Sequel
,Kong: Return to the Jungle,2006,Animated,Sequel
,Kong: Skull Island,2017,Live-Action,Reboot
,Godzilla vs. Kong,2020,Live-Action,Sequel
Kingsman,,,,
,Kingsman: The Secret Service,2015,Live-Action,Original
,Kingsman: The Golden Circle,2017,Live-Action,Sequel
,The King's Man,2020,Live-Action,Prequel
Kung Fu Panda,,,,
,Kung Fu Panda,2008,Animated,Original
,Kung Fu Panda 2,2011,Animated,Sequel
,Kung Fu Panda 3,2016,Animated,Sequel
L,,,,
Lady and the Tramp,,,,
,Lady and the Tramp,1955,Animated,Original
,Lady and the Tramp II: Scamp's Adventure,2001,Animated,Sequel
,Lady and the Tramp,2019,Live-Action,Remake
Lake Placid,,,,
,Lake Placid,1999,Live-Action,Original
,Lake Placid 2,2007,Live-Action,Sequel
,Lake Placid 3,2010,Live-Action,Sequel
,Lake Placid: The Final Chapter,2012,Live-Action,Sequel
,Lake Placid vs. Anaconda,2015,Live-Action,Spin-Off
,Lake Placid: Legacy,2018,Live-Action,Sequel
Legally Blonde,,,,
,Legally Blonde,2001,Live-Action,Original
,"Legally Blonde 2: Red, White & Blonde",2003,Live-Action,Sequel
,Legally Blondes,2009,Live-Action,Spin-Off
,Legally Blonde 3,2020,Live-Action,Sequel
Lego,,,,
,The Lego Movie,2014,Animated,Original
,The Lego Batman Movie,2017,Animated,Spin-Off
,The Lego Ninjago Movie,2017,Animated,Spin-Off
,The Billion Brick Race,2019,Animated,Spin-Off
,The Lego Movie 2: The Second Part,2019,Animated,Sequel
Lethal Weapon,,,,
,Lethal Weapon,1987,Live-Action,Original
,Lethal Weapon 2,1989,Live-Action,Sequel
,Lethal Weapon 3,1992,Live-Action,Sequel
,Lethal Weapon 4,1998,Live-Action,Sequel
,Lethal Weapon,2016 - 2019,Live-Action,TV Show
The Librarian,,,,
,The Librarian: Quest for the Spear,2004,Live-Action,Original
,The Librarian: Return to King Solomon's Mines,2005,Live-Action,Sequel
,The Librarian: Curse of the Judas Chalice,2008,Live-Action,Sequel
Lilo & Stitch,,,,
,Lilo & Stitch,2002,Animated,Original
,Lilo & Stitch,2003 - 2006,Animated,TV Show
,Stitch! The Movie,2003,Animated,Spin-Off
,Lilo & Stitch 2: Stitch Has a Glitch,2005,Animated,Sequel
,Leroy & Stitch,2006,Animated,Spin-Off
The Lion King,,,,
,The Lion King,1994,Animated,Original
,Timon & Pumbaa,1995 - 1999,Animated,TV Show
,The Lion King 2: Simba's Pride,1998,Animated,Sequel
,The Lion King 1½,2004,Animated,Sequel
,The Lion King 3: Hakuna Matata,2004,Animated,Sequel
,The Lion King,2019,Live-Action,Remake
The Little Mermaid,,,,
,The Little Mermaid,1989,Animated,Original
,The Little Mermaid II: Return to the Sea,2000,Animated,Sequel
,The Little Mermaid: Ariel's Beginning,2008,Animated,Prequel
,The Little Mermaid,,,
Lord Of The Flies,,,,
,Lord Of The Flies,1963,Live-Action,Original
,Lord Of The Flies,1990,Live-Action,Remake
The Lord of the Rings,,,,
,The Lord of the Rings: The Fellowship of the Ring,2001,Live-Action,Original
,The Lord of the Rings: The Two Towers,2002,Live-Action,Sequel
,The Lord of the Rings: The Return of the King,2003,Live-Action,Sequel
M,,,,
Mad Max,,,,
,Mad Max,1979,Live-Action,Original
,The Road Warrior,1981,Live-Action,Sequel
,Mad Max: Beyond Thunderdome,1985,Live-Action,Sequel
,Mad Max: Fury Road,2015,Live-Action,Sequel
Madagascar,,,,
,Madagascar,2005,Animated,Original
,Madagascar: Escape 2 Africa,2008,Animated,Sequel
,Madagascar 3: Europe's Most Wanted,2012,Animated,Sequel
,Penguins of Madagascar,2014,Animated,Spin-Off
Magic Mike,,,,
,Magic Mike,2012,Live-Action,Original
,Magic Mike XXL,2015,Live-Action,Sequel
Mamma Mia!,,,,
,Mamma Mia!,2008,Live-Action,Original
,Mamma Mia! Here We Go Again,2018,Live-Action,Sequel
The Man With No Name,,,,
,A Fistful of Dollars,1964,Live-Action,Original
,For a Few Dollars More,1965,Live-Action,Sequel
,"The Good, the Bad and the Ugly",1966,Live-Action,Sequel
Man of Steel,,,,
,Man of Steel,2013,Live-Action,Original
,Batman v Superman: Dawn of Justice,2016,Live-Action,Sequel
The Marine,,,,
,The Marine,2006,Live-Action,Original
,The Marine 2,2009,Live-Action,Sequel
,The Marine 3: Homefront,2013,Live-Action,Sequel
,The Marine 4: Moving Target,2015,Live-Action,Sequel
Mary Poppins,,,,
,Mary Poppins,1964,Live-Action,Original
,Mary Poppins Returns,2018,Live-Action,Sequel
The Matrix,,,,
,The Matrix,1999,Live-Action,Original
,The Animatrix,2003,Animated,Prequel
,The Matrix Reloaded,2003,Live-Action,Sequel
,The Matrix Revolutions,2003,Live-Action,Sequel
The Maze Runner,,,,
,The Maze Runner,2014,Live-Action,Original
,Maze Runner: The Scorch Trials,2015,Live-Action,Sequel
,Maze Runner: The Death Cure,2018,Live-Action,Sequel
Meatballs,,,,
,Meatballs,1979,Live-Action,Original
,Meatballs Part II,1984,Live-Action,Sequel
,Meatballs III: Summer Job,1986,Live-Action,Sequel
,Meatballs 4,1992,Live-Action,Sequel
The Mechanic,,,,
,The Mechanic,2011,Live-Action,Original
,Mechanic: Resurrection,2016,Live-Action,Sequel
Meet the Parents,,,,
,Meet the Parents,2000,Live-Action,Original
,Meet the Fockers,2004,Live-Action,Sequel
,Little Fockers,2010,Live-Action,Sequel
Men in Black,,,,
,Men in Black,1997,Live-Action,Original
,Men in Black II,2002,Live-Action,Sequel
,Men in Black 3,2012,Live-Action,Sequel
,Men in Black: International,2019,Live-Action,Sequel
Mexico,,,,
,El Mariachi,1992,Live-Action,Original
,Desperado,1995,Live-Action,Sequel
,Once Upon a Time in Mexico,2003,Live-Action,Sequel
The Mighty Ducks,,,,
,The Mighty Ducks,1992,Live-Action,Original
,D2: The Mighty Ducks,1994,Live-Action,Sequel
,D3: The Mighty Ducks,1996,Live-Action,Sequel
Millennium,,,,
,The Girl Who Kicked the Hornet's Nest,2009,Live-Action,Sequel
,The Girl Who Played with Fire,2009,Live-Action,Sequel
,The Girl with the Dragon Tattoo,2009,Live-Action,Original
,Millennium,2010,Live-Action,TV Show
,The Girl with the Dragon Tattoo,2011,Live-Action,Sequel
,The Girl in the Spider's Web,2018,Live-Action,Sequel
Minions,,,,
,Minions,2015,Live-Action,Original
,Yellow is the New Black,2018,Live-Action,Sequel
,Minions: The Rise of Gru,2020,Live-Action,Sequel
Miss Congeniality,,,,
,Miss Congeniality,2000,Live-Action,Original
,Miss Congeniality 2: Armed & Fabulous,2005,Live-Action,Sequel
Mission: Impossible,,,,
,Mission: Impossible,1996,Live-Action,Original
,Mission: Impossible II,2000,Live-Action,Sequel
,Mission: Impossible III,2006,Live-Action,Sequel
,Mission: Impossible - Ghost Protocol,2011,Live-Action,Sequel
,Mission: Impossible - Rogue Nation,2015,Live-Action,Sequel
,Mission: Impossible - Fallout,2018,Live-Action,Sequel
"Monsters, Inc.",,,,
,"Monsters, Inc.",2001,Animated,Original
,Monsters University,2013,Animated,Sequel
,Party Central,2013,Animated,Spin-Off
Monty Python,,,,
,And Now for Something Completely Different,1971,Live-Action,Original
,Monty Python and the Holy Grail,1975,Live-Action,Original
,Monty Python's Life of Brian,1979,Live-Action,Original
,Monty Python Live at the Hollywood Bowl,1982,Live-Action,Original
,Monty Python's The Meaning of Life,1983,Live-Action,Original
,Monty Python Live (Mostly),2014,Live-Action,Original
Mulan,,,,
,Mulan,1998,Animated,Original
,Mulan II,2004,Animated,Sequel
,Mulan,2020,Animated,Remake
The Mummy,,,,
,The Mummy,1999,Live-Action,Original
,The Mummy Returns,2001,Live-Action,Sequel
,The Scorpion King,2002,Live-Action,Sequel
,The Mummy: Tomb of the Dragon Emperor,2008,Live-Action,Sequel
,The Mummy,2017,Live-Action,Remake
The Muppets,,,,
,The Muppet Movie,1979,Live-Action,Original
,The Great Muppet Caper,1981,Live-Action,Sequel
,The Muppets Take Manhattan,1984,Live-Action,Sequel
,The Muppet Christmas Carol,1992,Live-Action,Sequel
,Muppet Treasure Island,1996,Live-Action,Sequel
,Muppets from Space,1999,Live-Action,Sequel
,It's a Very Merry Muppet Christmas Movie,2002,Live-Action,TV Movie
,The Muppets' Wizard of Oz,2005,Live-Action,TV Movie
,The Muppets,2011,Live-Action,Reboot
,Muppets Most Wanted,2014,Live-Action,Sequel
Mythica,,,,
,Mythica: A Quest for Heroes,2014,Live-Action,Original
,Mythica: The Darkspore,2015,Live-Action,Sequel
,Mythica: The Necromancer,2015,Live-Action,Sequel
,Mythica: The Godslayer,2016,Live-Action,Sequel
,Mythica: The Iron Crown,2016,Live-Action,Sequel
N,,,,
The Naked Gun,,,,
,The Naked Gun: From the Files of Police Squad!,1988,Live-Action,Original
,The Naked Gun 2½: The Smell of Fear,1991,Live-Action,Sequel
,Naked Gun 33⅓: The Final Insult,1994,Live-Action,Sequel
Nanny McPhee,,,,
,Nanny McPhee,2005,Live-Action,Original
,Nanny McPhee and the Big Bang,2010,Live-Action,Sequel
National Lampoon's Vacation,,,,
,National Lampoon's Vacation,1983,Live-Action,Original
,National Lampoon's European Vacation,1985,Live-Action,Original
,National Lampoon's Christmas Vacation,1989,Live-Action,Original
,Vegas Vacation,1997,Live-Action,Original
,Christmas Vacation 2: Cousin Eddie's Island Adventure,2003,Live-Action,Sequel
,Hotel Hell Vacation,2010,Live-Action,Original
,Vacation,2015,Live-Action,Remake
National Lampoon's,,,,
,National Lampoon's Animal House,1978,Live-Action,Original
,Disco Beaver from Outer Space,1979,Live-Action,TV Movie
,Class Reunion,1982,Live-Action,Original
,Movie Madness,1982,Live-Action,Original
,National Lampoon's Vacation,1983,Live-Action,Original
,Joy of Sex,1984,Live-Action,Original
,National Lampoon's European Vacation,1985,Live-Action,Sequel
,O.C. and Stiggs,1985,Live-Action,Original
,National Lampoon's Christmas Vacation,1989,Live-Action,Sequel
,Loaded Weapon 1,1993,Live-Action,Original
,Attack of the 5 Ft. 2 Women,1994,Live-Action,TV Movie
,Last Resort,1994,Live-Action,TV Movie
,Favorite Deadly Sins,1995,Live-Action,TV Movie
,Senior Trip,1995,Live-Action,Original
,Dad's Week Off,1997,Live-Action,TV Movie
,The Don's Analyst,1997,Live-Action,TV Movie
,Vegas Vacation,1997,Live-Action,Sequel
,Golf Punks,1998,Live-Action,Original
,Men in White,1998,Live-Action,TV Movie
,Repli-Kate,2002,Live-Action,Original
,Van Wilder: Party Liaison,2002,Live-Action,Original
,Barely Legal,2003,Live-Action,Original
,Blackball,2003,Live-Action,Original
,Christmas Vacation 2: Cousin Eddie's Island Adventure,2003,Live-Action,Sequel
,Dorm Daze,2003,Live-Action,Original
,Gold Diggers,2003,Live-Action,Original
,Jake's Booty Call,2003,Animated,Original
,Thanksgiving Family Reunion,2003,Live-Action,TV Movie
,Going the Distance,2004,Live-Action,Original
,Lost Reality,2004,Live-Action,Original
,The Almost Guys,2004,Live-Action,Original
,Adam and Eve,2005,Live-Action,Original
,Cattle Call,2006,Live-Action,Original
,Dorm Daze 2,2006,Live-Action,Sequel
,Electric Apricot,2006,Live-Action,Original
,Pucked,2006,Live-Action,Original
,TV: The Movie,2006,Live-Action,Original
,The Beach Party at the Threshold of Hell,2006,Live-Action,Original
,Van Wilder 2: The Rise of Taj,2006,Live-Action,Sequel
,Bagboy,2007,Live-Action,Original
,Homo Erectus,2007,Live-Action,Original
,Spring Break 24/7,2007,Live-Action,Original
,Totally Baked,2007,Live-Action,Original
,"One, Two, Many",2008,Live-Action,Original
,Ratko: The Dictator's Son,2009,Live-Action,Original
,Robodoc,2009,Live-Action,Original
,Transylmania,2009,Live-Action,Original
,Van Wilder: Freshman Year,2009,Live-Action,Sequel
,Dirty Movie,2011,Live-Action,Original
,Snatched,2011,Live-Action,Original
,The Legend of Awesomest Maximus,2011,Live-Action,Original
National Treasure,,,,
,National Treasure,2004,Live-Action,Original
,National Treasure: Book of Secrets,2007,Live-Action,Sequel
Neighbors,,,,
,Neighbors,2014,Live-Action,Original
,Neighbors 2: Sorority Rising,2016,Live-Action,Sequel
The NeverEnding Story,,,,
,The NeverEnding Story,1984,Live-Action,Original
,The NeverEnding Story II: The Next Chapter,1990,Live-Action,Sequel
,The NeverEnding Story III,1994,Live-Action,Sequel
Night at the Museum,,,,
,Night at the Museum,2006,Live-Action,Original
,Night at the Museum: Battle of the Smithsonian,2009,Live-Action,Sequel
,Night at the Museum: Secret of the Tomb,2014,Live-Action,Sequel
Nim's Island,,,,
,Nim's Island,2008,Live-Action,Original
,Return to Nim's Island,2013,Live-Action,Sequel
Not Quite Human,,,,
,Not Quite Human,1987,Live-Action,Original
,Not Quite Human II,1989,Live-Action,Sequel
,Still Not Quite Human,1992,Live-Action,Sequel
Now You See Me,,,,
,Now You See Me,2013,Live-Action,Original
,Now You See Me 2,2016,Live-Action,Sequel
Nutty Professor,,,,
,The Nutty Professor,1996,Live-Action,Original
,Nutty Professor II: The Klumps,2000,Live-Action,Sequel
Nymphomaniac,,,,
,Nymphomaniac: Vol. II,2013,Live-Action,Sequel
,Nymphomaniac: Vol. I,2013,Live-Action,Original
O,,,,
Oceans,,,,
,Ocean's 11,1960,Live-Action,Original
,Ocean's Eleven,2001,Live-Action,Reboot
,Ocean's Twelve,2004,Live-Action,Sequel
,Ocean's Thirteen,2007,Live-Action,Sequel
,Ocean's 8,2018,Live-Action,Reboot
Olympus Has Fallen,,,,
,Olympus Has Fallen,2013,Live-Action,Original
,London Has Fallen,2016,Live-Action,Sequel
,Angel Has Fallen,2019,Live-Action,Sequel
Open Season,,,,
,Open Season,2006,Animated,Original
,Open Season 2,2008,Animated,Sequel
,Open Season 3,2010,Animated,Sequel
,Open Season: Scared Silly,2015,Animated,Spin-Off
P,,,,
Pacific Rim,,,,
,Pacific Rim,2013,Live-Action,Original
,Pacific Rim Uprising,2018,Live-Action,Sequel
Paddington,,,,
,Paddington,2014,Both,Original
,Paddington 2,2017,Both,Sequel
,Paddington 3,2020,Both,Sequel
Paranormal Activity,,,,
,Paranormal Activity,2007,Live-Action,Original
,Paranormal Activity 2,2010,Live-Action,Sequel
,Paranormal Activity 3,2011,Live-Action,Sequel
,Paranormal Activity 4,2012,Live-Action,Sequel
,Paranormal Activity: The Marked Ones,2014,Live-Action,Sequel
,Paranormal Activity: The Ghost Dimension,2015,Live-Action,Sequel
Paul Blart: Mall Cop,,,,
,Paul Blart: Mall Cop,2009,Live-Action,Original
,Paul Blart: Mall Cop 2,2015,Live-Action,Sequel
Percy Jackson,,,,
,Percy Jackson & the Olympians: The Lightning Thief,2010,Live-Action,Original
,Percy Jackson: Sea of Monsters,2013,Live-Action,Sequel
Pet Sematary,,,,
,Pet Sematary,1989,Live-Action,Original
,Pet Sematary Two,1992,Live-Action,Sequel
,Pet Sematary,2019,Live-Action,Remake
Peter Pan,,,,
,Peter Pan,1953,Animated,Original
,Hook,1991,Live-Action,Original
,Peter Pan,2003,Live-Action,Remake
,Finding Neverland,2004,Live-Action,Original
,Pan,2015,Live-Action,Original
Pink Panther,,,,
,The Pink Panther,1963,Live-Action,Original
,A Shot in the Dark,1964,Live-Action,Original
,Inspector Clouseau,1968,Live-Action,Original
,The Return of the Pink Panther,1975,Live-Action,Original
,The Pink Panther Strikes Again,1976,Live-Action,Original
,Revenge of the Pink Panther,1978,Live-Action,Original
,Trail of the Pink Panther,1982,Live-Action,Original
,Curse of the Pink Panther,1983,Live-Action,Original
,Son of the Pink Panther,1993,Live-Action,Sequel
,The Pink Panther,2006,Live-Action,Remake
,The Pink Panther 2,2009,Live-Action,Sequel
Piranha,,,,
,Piranha,1978,Live-Action,Original
,Piranha II: The Spawning,1981,Live-Action,Sequel
,Piranha,1995,Live-Action,Remake
,Mega Piranha,2010,Live-Action,Spin-Off
,Piranha 3D,2010,Live-Action,Remake
,Piranha 3DD,2012,Live-Action,Sequel
Pirates of the Caribbean,,,,
,Pirates of the Caribbean: The Curse of the Black Pearl,2003,Live-Action,Original
,Pirates of the Caribbean: Dead Man's Chest,2006,Live-Action,Sequel
,Pirates of the Caribbean: At World's End,2007,Live-Action,Sequel
,Pirates of the Caribbean: On Stranger Tides,2011,Live-Action,Sequel
,Pirates of the Caribbean: Dead Men Tell No Tales,2017,Live-Action,Sequel
Pitch Perfect,,,,
,Pitch Perfect,2012,Live-Action,Original
,Pitch Perfect 2,2015,Live-Action,Sequel
,Pitch Perfect 3,2017,Live-Action,Sequel
Planet of the Apes,,,,
,Planet of the Apes,1968,Live-Action,Original
,Beneath the Planet of the Apes,1970,Live-Action,Sequel
,Escape from the Planet of the Apes,1971,Live-Action,Sequel
,Conquest of the Planet of the Apes,1972,Live-Action,Sequel
,Battle for the Planet of the Apes,1973,Live-Action,Sequel
,Planet of the Apes,2001,Live-Action,Remake
,Rise of the Planet of the Apes,2011,Live-Action,Reboot
,Dawn of the Planet of the Apes,2014,Live-Action,Sequel
,War for the Planet of the Apes,2017,Live-Action,Sequel
Pocahontas,,,,
,Pocahontas,1995,Animated,Original
,Pocahontas II: Journey to a New World,1998,Animated,Sequel
Pokémon,,,,
,Pokémon: The First Movie - Mewtwo Strikes Back,1998,Animated,Original
,Pokémon the Movie 2000,1999,Animated,Sequel
,Pokémon 3: The Movie ,2000,Animated,Sequel
,Pokémon 4Ever,2001,Animated,Sequel
,Pokémon Heroes,2002,Animated,Sequel
,Pokémon: Jirachi - Wish Maker,2003,Animated,Sequel
,Pokémon the Movie: Destiny Deoxys,2004,Animated,Sequel
,Pokémon: Lucario and the Mystery of Mew,2005,Animated,Sequel
,Pokémon Ranger and the Temple of the Sea,2006,Animated,Sequel
,Pokémon: The Rise of Darkrai,2007,Animated,Sequel
,Pokémon: Giratina and the Sky Warrior,2008,Animated,Sequel
,Pokémon: Arceus and the Jewel of Life,2009,Animated,Sequel
,Pokémon: Zoroark: Master of Illusions,2010,Animated,Sequel
,Pokémon the Movie: Black-Victini and Reshiram,2011,Animated,Sequel
,Pokémon the Movie: White - Victini and Zekrom,2011,Animated,Original
,Pokémon the Movie: Kyurem vs. the Sword of Justice,2012,Animated,Sequel
,Pokémon the Movie: Genesect and the Legend Awakened,2013,Animated,Sequel
,Pokémon the Movie: Diancie and the Cocoon of Destruction,2014,Animated,Sequel
,Pokémon the Movie: Hoopa and the Clash of Ages,2015,Animated,Sequel
,Pokémon the Movie: Volcanion and the Mechanical Marvel,2016,Animated,Sequel
,Pokémon the Movie: I Choose You!,2017,Animated,Sequel
,Pokémon Detective Pikachu,2019,Live-Action,Original
Police Academy,,,,
,Police Academy,1984,Live-Action,Original
,Police Academy 2: Their First Assignment,1985,Live-Action,Sequel
,Police Academy 3: Back in Training,1986,Live-Action,Sequel
,Police Academy 4: Citizens on Patrol,1987,Live-Action,Sequel
,Police Academy 5: Assignment: Miami Beach,1988,Live-Action,Sequel
,Police Academy 6: City Under Siege,1989,Live-Action,Sequel
,Police Academy: Mission to Moscow,1994,Live-Action,Sequel
Police Story,,,,
,Police Story,1985,Live-Action,Original
,Police Story 2,1988,Live-Action,Sequel
,Police Story 3: Super Cop,1992,Live-Action,Sequel
,Crime Story,1993,Live-Action,Spin-Off
,Once a Cop,1993,Live-Action,Spin-Off
,Police Story 4: First Strike,1996,Live-Action,Sequel
,New Police Story,2004,Live-Action,Reboot
,Police Story 2013,2013,Live-Action,Reboot
,Bleeding Steel,2017,Live-Action,Spin-Off
Poltergeist,,,,
,Poltergeist,1982,Live-Action,Original
,Poltergeist II: The Other Side,1986,Live-Action,Sequel
,Poltergeist III,1988,Live-Action,Sequel
Porky's,,,,
,Porky's,1981,Live-Action,Original
,Porky's II: The Next Day,1983,Live-Action,Sequel
,Porky's 3: Revenge,1985,Live-Action,Sequel
,Pimpin' Pee Wee,2009,Live-Action,Sequel
Power Rangers,,,,
,Mighty Morphin Power Rangers,1993-1999,Live-Action,TV Show
,Mighty Morphin Power Rangers: Alpha's Magical Christmas,1994,Live-Action,Original
,Mighty Morphin Power Rangers: The Movie,1995,Live-Action,Original
,Power Rangers Zeo,1996-1997,Live-Action,TV Show
,Power Rangers Turbo,1997-1998,Live-Action,TV Show
,Turbo: A Power Rangers Movie ,1997,Live-Action,Original
,Power Rangers in Space,1998-1999,Live-Action,TV Show
,Power Rangers Lost Galaxy,1999-2000,Live-Action,TV Show
,Power Rangers Lost Galaxy: Return of the Magna Defender,1999,Live-Action,Sequel
,Power Rangers Lightspeed Rescue,2000-2001,Live-Action,TV Show
,Power Rangers Lightspeed Rescue - Titanium Ranger: Curse of the Cobra,2000,Live-Action,Sequel
,Power Rangers Lightspeed Rescue: Neptune's Daughter,2000,Live-Action,Sequel
,Power Rangers Lightspeed Rescue,2000,Live-Action,Sequel
,Power Rangers in 3D: Triple Force,2000,Live-Action,Original
,Power Rangers Lightspeed Rescue: The Queen's Wrath,2001,Live-Action,Sequel
,Power Rangers Time Force - Quantum Ranger: Clash for Control,2001,Live-Action,Sequel
,Power Rangers Time Force: Photo Finish,2001,Live-Action,Sequel
,Power Rangers Time Force,2001,Live-Action,Original
,Power Rangers Wild Force,2002-2003,Live-Action,TV Show
,Power Rangers Time Force: Dawn of Destiny,2002,Live-Action,Sequel
,Power Rangers Time Force: The End of Time,2002,Live-Action,Sequel
,Power Rangers Wild Force: Identity Crisis,2002,Live-Action,Sequel
,Power Rangers Ninja Storm,2003-2004,Live-Action,TV Show
,Power Rangers DinoThunder,2004,Live-Action,Original
,Power Rangers S.P.D.,2004,Live-Action,Original
,Power Rangers Mystic Force,2006,Live-Action,Original
,Power Rangers Operation Overdrive,2007,Live-Action,Original
,Power Rangers Jungle Fury,2008,Live-Action,Original
,Power Rangers R.P.M.,2009,Live-Action,Original
,Power Rangers Samurai,2011-2012,Live-Action,TV Show
Predator,,,,
,Predator,1987,Live-Action,Original
,Predator 2,1990,Live-Action,Sequel
,Predators,2010,Live-Action,Sequel
,The Predator,2018,Live-Action,Sequel
The Princess Diaries,,,,
,The Princess Diaries,2001,Live-Action,Original
,The Princess Diaries 2: Royal Engagement,2004,Live-Action,Sequel
Problem Child,,,,
,Problem Child,1990,Live-Action,Original
,Problem Child 2,1991,Live-Action,Sequel
,Problem Child 3: Junior in Love,1995,Live-Action,Sequel
Psycho,,,,
,Psycho,1960,Live-Action,Original
,Psycho II,1983,Live-Action,Sequel
,Psycho III,1986,Live-Action,Sequel
,Psycho IV: The Beginning,1990,Live-Action,Prequel
,Psycho,1998,Live-Action,Remake
Pulse,,,,
,Pulse,2006,Live-Action,Original
,Pulse 2: Afterlife,2008,Live-Action,Sequel
,Pulse 3: Invasion,2008,Live-Action,Sequel
Pumpkinhead,,,,
,Pumpkinhead,1988,Live-Action,Original
,Pumpkinhead II: Blood Wings,1994,Live-Action,Sequel
,Pumpkinhead: Ashes to Ashes,2006,Live-Action,Sequel
,Pumpkinhead 4: Blood Feud,2007,Live-Action,Sequel
The Purge,,,,
,The Purge,2013,Live-Action,Original
,The Purge: Anarchy,2014,Live-Action,Sequel
,The Purge: Election Year,2016,Live-Action,Sequel
,The First Purge,2018,Live-Action,Sequel
Puss in Boots,,,,
,Puss in Boots,2011,Animated,Original
,Puss in Boots: The Three Diablos,2012,Animated,Spin-Off
,Puss in Boots 2,2018,Animated,Sequel
Q,,,,
Qatsi,,,,
,Koyaanisqatsi ,1982,Live-Action,Original
,Powaqqatsi ,1988,Live-Action,Sequel
,Naqoyqatsi,2002,Live-Action,Sequel
R,,,,
The Raid,,,,
,The Raid: Redemption,2011,Live-Action,Original
,The Raid 2,2014,Live-Action,Sequel
Rambo,,,,
,First Blood,1982,Live-Action,Original
,Rambo: First Blood Part II,1985,Live-Action,Sequel
,Rambo III,1988,Live-Action,Sequel
,Rambo,2008,Live-Action,Sequel
,Rambo: Last Blood,2019,Live-Action,Sequel
Red,,,,
,RED,2010,Live-Action,Original
,Red 2,2013,Live-Action,Sequel
The Rescuers,,,,
,The Rescuers,1977,Animated,Original
,The Rescuers Down Under,1990,Animated,Sequel
Resident Evil,,,,
,Resident Evil,2002,Live-Action,Original
,Resident Evil: Apocalypse,2004,Live-Action,Sequel
,Resident Evil: Extinction,2007,Live-Action,Sequel
,Resident Evil: Afterlife,2010,Live-Action,Sequel
,Resident Evil: Retribution,2012,Live-Action,Sequel
,Resident Evil: The Final Chapter,2016,Live-Action,Sequel
Revenge of the Nerds,,,,
,Revenge of the Nerds,1984,Live-Action,Original
,Revenge of the Nerds II: Nerds in Paradise,1987,Live-Action,Sequel
,Revenge of the Nerds III: The Next Generation,1992,Live-Action,Sequel
,Revenge of the Nerds IV: Nerds in Love,1994,Live-Action,Sequel
Ride Along,,,,
,Ride Along,2014,Live-Action,Original
,Ride Along 2,2016,Live-Action,Sequel
The Ring,,,,
,The Ring,2003,Live-Action,Original
,The Ring Two,2005,Live-Action,Sequel
,Rings,2017,Live-Action,Sequel
Ringu,,,,
,Ringu,1995,Live-Action,TV Movie
,Rasen,1998,Live-Action,Spin-Off
,Ringu,1998,Live-Action,Original
,Ring,1999,Live-Action,Remake
,Ringu 2,1999,Live-Action,Sequel
,Ringu 0,2000,Live-Action,Prequel
,The Ring,2003,Live-Action,Reboot
,The Ring Two,2005,Live-Action,Sequel
,Sadako 3D,2012,Live-Action,Spin-Off
,Sadako 2 3D,2013,Live-Action,Sequel
,Sadako vs. Kayako,2016,Live-Action,Spin-Off
,Rings,2017,Live-Action,Original
Rio,,,,
,Rio,2011,Animated,Original
,Rio 2,2014,Animated,Sequel
RoboCop,,,,
,RoboCop,1987,Live-Action,Original
,RoboCop 2,1990,Live-Action,Sequel
,RoboCop 3,1993,Live-Action,Sequel
,RoboCop: Prime Directives,2001,Live-Action,Spin-Off
,RoboCop,2014,Live-Action,Remake
Rocky,,,,
,Rocky,1976,Live-Action,Original
,Rocky II,1979,Live-Action,Sequel
,Rocky III,1982,Live-Action,Sequel
,Rocky IV,1985,Live-Action,Sequel
,Rocky V,1990,Live-Action,Sequel
,Rocky Balboa,2006,Live-Action,Sequel
,Creed,2015,Live-Action,Spin-Off
,Creed II,2018,Live-Action,Spin-Off
Rush Hour,,,,
,Rush Hour,1998,Live-Action,Original
,Rush Hour 2,2001,Live-Action,Sequel
,Rush Hour 3,2007,Live-Action,Sequel
S,,,,
The Sandlot,,,,
,The Sandlot,1993,Live-Action,Original
,The Sandlot 2,2005,Live-Action,Sequel
,The Sandlot: Heading Home,2007,Live-Action,Sequel
The Santa Clause,,,,
,The Santa Clause,1994,Live-Action,Original
,The Santa Clause 2,2002,Live-Action,Sequel
,The Santa Clause 3: The Escape Clause,2006,Live-Action,Sequel
Saw,,,,
,Saw,2004,Live-Action,Original
,Saw II,2005,Live-Action,Sequel
,Saw III,2006,Live-Action,Sequel
,Saw IV,2007,Live-Action,Sequel
,Saw V,2008,Live-Action,Sequel
,Saw VI,2009,Live-Action,Sequel
,Saw 3D: The Final Chapter,2010,Live-Action,Sequel
,Jigsaw,2017,Live-Action,Reboot
Scary Movie,,,,
,Scary Movie,2000,Live-Action,Original
,Scary Movie 2,2001,Live-Action,Sequel
,Scary Movie 3,2003,Live-Action,Sequel
,Scary Movie 4,2006,Live-Action,Sequel
,Scary Movie 5,2013,Live-Action,Sequel
Scooby Doo,,,,
,"Scooby-Doo, Where Are You!",1969 - 1970,Animated,TV Show
,The New Scooby-Doo Movies,1972 - 1973,Animated,TV Show
,The Scooby-Doo Show,1976 - 1978,Animated,TV Show
,Scooby's All-Star Laff-A-Lympics,1977 - 1978,Animated,TV Show
,Scooby-Doo and Scrappy-Doo,1979 - 1980,Animated,TV Show
,Scooby-Doo and Scrappy-Doo,1980 - 1982,Animated,TV Show
,The New Scooby and Scrappy-Doo Show,1983 - 1984,Animated,TV Show
,The 13 Ghosts of Scooby-Doo,1985,Animated,TV Show
,Scooby-Doo Meets the Boo Brothers,1987,Animated,Original
,A Pup Named Scooby-Doo,1988 - 1991,Animated,TV Show
,Scooby-Doo and the Ghoul School,1988,Animated,Original
,Scooby-Doo! and the Reluctant Werewolf,1988,Animated,Original
,Scooby-Doo! in Arabian Nights,1994,Animated,Original
,Scooby-Doo on Zombie Island,1998,Animated,Original
,Scooby-Doo! and the Witch's Ghost,1999,Animated,Original
,Scooby-Doo and the Alien Invaders,2000,Animated,Original
,Scooby-Doo and the Cyber Chase,2001,Animated,Original
,"What's New, Scooby-Doo?",2002 - 2006,Animated,TV Show
,Scooby-Doo,2002,Live-Action,Original
,Scooby-Doo! and the Legend of the Vampire,2003,Animated,Original
,Scooby-Doo! and the Monster of Mexico,2003,Animated,Original
,Scooby-Doo 2: Monsters Unleashed,2004,Live-Action,Sequel
,Scooby-Doo! and the Loch Ness Monster,2004,Animated,Original
,"Aloha, Scooby-Doo!",2005,Animated,Original
,Scooby-Doo! in Where's My Mummy?,2005,Animated,Original
,Shaggy & Scooby-Doo Get a Clue!,2006 - 2008,Animated,TV Show
,Scooby-Doo! Pirates Ahoy!,2006,Animated,Original
,"Chill Out, Scooby-Doo!",2007,Animated,Original
,Scooby-Doo! and the Goblin King,2008,Animated,Original
,Scooby-Doo! The Mystery Begins,2009,Live-Action,TV Movie
,Scooby-Doo! and the Samurai Sword,2009,Animated,Original
,Scooby-Doo! Mystery Incorporated,2010 - 2013,Animated,TV Show
,Scooby-Doo! Abracadabra-Doo,2010,Animated,Original
,Scooby-Doo! Camp Scare,2010,Animated,Original
,Scooby-Doo! Curse of the Lake Monster,2010,Live-Action,TV Movie
,Scooby-Doo! Legend of the Phantosaur,2011,Animated,Original
,Big Top Scooby-Doo!,2012,Animated,Original
,Scooby-Doo! Music of the Vampire,2012,Animated,Original
,Scooby-Doo! Adventures: The Mystery Map,2013,Animated,Original
,Scooby-Doo! Mask of the Blue Falcon,2013,Animated,Original
,Scooby-Doo! Stage Fright,2013,Animated,Original
,Scooby-Doo! Frankencreepy,2014,Animated,Original
,Scooby-Doo! WrestleMania Mystery,2014,Animated,Original
,"Be Cool, Scooby-Doo!",2015 - 2018,Animated,TV Show
,Scooby-Doo! Moon Monster Madness,2015,Animated,Original
,Scooby-Doo! and Kiss: Rock and Roll Mystery,2015,Animated,Original
,Lego Scooby-Doo! Haunted Hollywood,2016,Animated,Original
,Scooby-Doo! and WWE: Curse of the Speed Demon,2016,Animated,Original
,Lego Scooby-Doo! Blowout Beach Bash,2017,Animated,Original
,Scooby-Doo! Shaggy's Showdown,2017,Animated,Original
,Daphne & Velma,2018,Live-Action,Spin-Off
,Scooby-Doo! & Batman: The Brave and the Bold,2018,Animated,Original
,Scooby-Doo! and the Gourmet Ghost,2018,Animated,Original
,Scooby-Doo and Guess Who?,2019 - ,Animated,TV Show
,Scooby-Doo! Return to Zombie Island,2019,Animated,Original
,Scooby-Doo! and the Curse of the 13th Ghost,2019,Animated,Original
The Scorpion King,,,,
,The Scorpion King,2002,Live-Action,Original
,The Scorpion King 2: Rise of a Warrior,2008,Live-Action,Sequel
,The Scorpion King 3: Battle for Redemption,2012,Live-Action,Sequel
,The Scorpion King 4: Quest for Power,2015,Live-Action,Sequel
Scream,,,,
,Scream,1996,Live-Action,Original
,Scream 2,1997,Live-Action,Sequel
,Scream 3,2000,Live-Action,Sequel
,Scream 4,2011,Live-Action,Sequel
The Secret Life of Pets,,,,
,The Secret Life of Pets,2016,Animated,Original
,The Secret Life of Pets 2,2019,Animated,Sequel
Shaft,,,,
,Shaft,1971,Live-Action,Original
,Shaft's Big Score,1972,Live-Action,Sequel
,Shaft in Africa,1973,Live-Action,Sequel
,Shaft,2000,Live-Action,Sequel
,Shaft,2019,Live-Action,Sequel
Shanghai,,,,
,Shanghai Noon,2000,Live-Action,Original
,Shanghai Knights,2003,Live-Action,Sequel
Sharknado,,,,
,Sharknado,2013,Live-Action,Original
,Sharknado 2: The Second One,2014,Live-Action,Sequel
,Lavalantula,2015,Live-Action,Spin-Off
,Sharknado 3: Oh Hell No!,2015,Live-Action,Sequel
,2 Lava 2 Lantula,2016,Live-Action,Sequel
,Sharknado: The 4th Awakens,2016,Live-Action,Sequel
,Sharknado 5: Global Swarming,2017,Live-Action,Sequel
,The Last Sharknado: It's About Time,2018,Live-Action,Sequel
Sherlock Holmes,,,,
,Sherlock Holmes,2009,Live-Action,Original
,Sherlock Holmes: A Game of Shadows,2011,Live-Action,Sequel
Short Circuit,,,,
,Short Circuit,1986,Live-Action,Original
,Short Circuit 2,1988,Live-Action,Sequel
Shrek,,,,
,Shrek,2001,Animated,Original
,Shrek 2,2004,Animated,Sequel
,Shrek the Third,2007,Animated,Sequel
,Shrek Forever After,2010,Animated,Sequel
,Puss in Boots,2011,Animated,Spin-Off
,Puss in Boots: The Three Diablos,2012,Animated,Spin-Off
,Puss in Boots 2,2018,Animated,Sequel
Sicario,,,,
,Sicario,2015,Live-Action,Original
,Sicario: Day of the Soldado,2018,Live-Action,Sequel
Sin City,,,,
,Sin City,2005,Live-Action,Original
,Sin City: A Dame to Kill For,2014,Live-Action,Sequel
Sister Act,,,,
,Sister Act,1992,Live-Action,Original
,Sister Act 2: Back in the Habit,1993,Live-Action,Sequel
Smokey and the Bandit,,,,
,Smokey and the Bandit,1977,Live-Action,Original
,Smokey and the Bandit II,1980,Live-Action,Sequel
,Smokey and the Bandit Part 3,1983,Live-Action,Sequel
The Smurfs,,,,
,The Smurfs,2011,Animated,Original
,The Smurfs 2,2013,Animated,Sequel
,Smurfs: The Lost Village,2017,Animated,Sequel
Species,,,,
,Species,1995,Live-Action,Original
,Species II,1998,Live-Action,Sequel
,Species III,2004,Live-Action,Sequel
,Species: The Awakening,2007,Live-Action,Sequel
Spider-Man (Sam Raimi Trilogy),,,,
,Spider-Man,2002,Live-Action,Original
,Spider-Man 2,2004,Live-Action,Sequel
,Spider-Man 3,2007,Live-Action,Sequel
Spider-Man,,,,
,Spider-Man,1977,Live-Action,Original
,Spider-Man Strikes Back,1978,Live-Action,Sequel
,Spider-Man: The Dragon's Challenge,1981,Live-Action,Sequel
,Spider-Man,2002,Live-Action,Reboot
,Spider-Man 2,2004,Live-Action,Sequel
,Spider-Man 3,2007,Live-Action,Sequel
,The Amazing Spider-Man,2012,Live-Action,Reboot
,The Amazing Spider-Man 2,2014,Live-Action,Sequel
,Spider-Man: Homecoming,2017,Live-Action,Reboot
,Spider-Man: Into the Spider-Verse,2018,Live-Action,Original
,Spider-Man: Far From Home,2019,Live-Action,Sequel
Spongebob,,,,
,The SpongeBob SquarePants Movie,2004,Animated,Original
,The SpongeBob Movie: Sponge Out of Water,2015,Animated,Original
Spy Kids,,,,
,Spy Kids,2001,Live-Action,Original
,Spy Kids 2: The Island of Lost Dreams,2002,Live-Action,Sequel
,Spy Kids 3-D: Game Over,2003,Live-Action,Sequel
,Spy Kids: All the Time in the World,2011,Live-Action,Sequel
Stakeout,,,,
,Stakeout,1987,Live-Action,Original
,Another Stakeout,1993,Live-Action,Sequel
Star Trek,,,,
,Star Trek: The Motion Picture,1979,Live-Action,Original
,Star Trek II: The Wrath of Khan,1982,Live-Action,Sequel
,Star Trek III: The Search for Spock,1984,Live-Action,Sequel
,Star Trek IV: The Voyage Home,1986,Live-Action,Sequel
,Star Trek V: The Final Frontier,1989,Live-Action,Sequel
,Star Trek VI: The Undiscovered Country,1991,Live-Action,Sequel
,Star Trek Generations,1994,Live-Action,Sequel
,Star Trek: First Contact,1996,Live-Action,Sequel
,Star Trek: Insurrection,1998,Live-Action,Sequel
,Star Trek: Nemesis,2002,Live-Action,Sequel
,Star Trek,2009,Live-Action,Sequel
,Star Trek Into Darkness,2013,Live-Action,Sequel
,Star Trek Beyond,2016,Live-Action,Sequel
Star Wars,,,,
,Star Wars,1977,Live-Action,Original
,The Star Wars Holiday Special,1978,Live-Action,Spin-Off
,The Empire Strikes Back,1980,Live-Action,Sequel
,Return of the Jedi,1983,Live-Action,Sequel
,Star Wars: Episode I - The Phantom Menace,1999,Live-Action,Prequel
,Star Wars: Episode II - Attack of the Clones,2002,Live-Action,Prequel
,Star Wars: Episode III - Revenge of the Sith,2005,Live-Action,Prequel
,Star Wars: The Clone Wars,2008 - 2020,Animated,TV Show
,Star Wars Rebels,2014 - 2018,Animated,TV Show
,Star Wars: Episode VII - The Force Awakens,2015,Live-Action,Sequel
,Rogue One: A Star Wars Story,2016,Live-Action,Prequel
,Star Wars: Episode VIII - The Last Jedi,2017,Live-Action,Sequel
,Solo: A Star Wars Story,2018,Live-Action,Prequel
,Star Wars Resistance,2019 - TBD,Animated,TV Show
,The Mandalorian,2019 - TBD,Live-Action,TV Show
,Star Wars: Episode IX - The Rise of Skywalker,2019,Live-Action,Sequel
Stargate,,,,
,Stargate,1994,Live-Action,Original
,Stargate SG-1,1997 - 2007,Live-Action,TV Show
,Stargate: Atlantis,2004 - 2009,Live-Action,TV Show
,Stargate: Continuum,2008,Live-Action,Sequel
,Stargate: The Ark of Truth,2008,Live-Action,Sequel
,Stargate Universe,2009 - 2011,Live-Action,TV Show
,Stargate Origins,2018 - TBD,Live-Action,TV Show
Starship Troopers,,,,
,Starship Troopers,1988,Live-Action,Original
,Starship Troopers,1997,Live-Action,Reboot
,Roughnecks: The Starship Troopers Chronicles,1999 - 2000,Live-Action,TV Show
,Starship Troopers 2: Hero of the Federation,2004,Live-Action,Sequel
,Starship Troopers 3: Marauder,2008,Live-Action,Sequel
,Starship Troopers: Invasion,2012,Live-Action,Sequel
,Starship Troopers: Traitor of Mars,2017,Live-Action,Sequel
Step Up,,,,
,Step Up,2006,Live-Action,Original
,Step Up 2: The Streets,2008,Live-Action,Sequel
,Step Up 3D,2010,Live-Action,Sequel
,Step Up Revolution,2012,Live-Action,Sequel
,Step Up: All In,2014,Live-Action,Sequel
,Step Up: Year of the Dance,2019,Live-Action,Spin-Off
Stuart Little,,,,
,Stuart Little,1999,Live-Action,Original
,Stuart Little 2,2002,Live-Action,Sequel
,Stuart Little 3: Call of the Wild,2005,Animated,Sequel
Super Troopers,,,,
,Super Troopers,2001,Live-Action,Original
,Super Troopers 2,2018,Live-Action,Sequel
Superman,,,,
,Superman,1948,Live-Action,Original
,Superman and the Mole Men,1951,Live-Action,Original
,Superman,1978,Live-Action,Reboot
,Superman II,1980,Live-Action,Sequel
,Superman III,1983,Live-Action,Sequel
,Supergirl,1984,Live-Action,Spin-Off
,Superman IV: The Quest for Peace,1987,Live-Action,Sequel
,Superman Returns,2006,Live-Action,Sequel
,Man of Steel,2013,Live-Action,Reboot
,Batman v Superman: Dawn of Justice,2016,Live-Action,Sequel
T,,,,
Taken,,,,
,Taken,2008,Live-Action,Original
,Taken 2,2012,Live-Action,Sequel
,Taken 3,2014,Live-Action,Sequel
Tales from the Crypt,,,,
,Tales from the Crypt,1972,Live-Action,Original
,The Vault of Horror,1973,Live-Action,Sequel
,Tales from the Crypt,1989 - 1996,Live-Action,TV Show
,Tales from the Crypt: Demon Knight,1995,Live-Action,Sequel
,Bordello of Blood,1996,Live-Action,Sequel
,Ritual,2002,Live-Action,Sequel
Tangled,,,,
,Tangled,2010,Animated,Original
,Tangled: Before Ever After,2017,Animated,Prequel
Tarzan,,,,
,Tarzan of the Apes,1918,Live-Action,Original
,The Revenge of Tarzan,1920,Live-Action,Sequel
,The Son of Tarzan,1920,Live-Action,Sequel
,Adventures of Tarzan,1921,Live-Action,Sequel
,Tarzan and the Golden Lion,1927,Live-Action,Sequel
,Tarzan the Mighty,1928,Live-Action,Sequel
,Tarzan the Tiger,1929,Live-Action,Sequel
,Tarzan the Ape Man,1932,Live-Action,Sequel
,Tarzan the Fearless,1933,Live-Action,Sequel
,Tarzan and His Mate,1934,Live-Action,Sequel
,The New Adventures of Tarzan,1935,Live-Action,Sequel
,Tarzan Escapes,1936,Live-Action,Sequel
,Tarzan's Revenge,1938,Live-Action,Sequel
,Tarzan Finds a Son!,1939,Live-Action,Sequel
,Tarzan's Secret Treasure,1941,Live-Action,Sequel
,Tarzan's New York Adventure,1942,Live-Action,Sequel
,Tarzan Triumphs,1943,Live-Action,Sequel
,Tarzan's Desert Mystery,1943,Live-Action,Sequel
,Tarzan and the Amazons,1945,Live-Action,Sequel
,Tarzan and the Leopard Woman,1946,Live-Action,Sequel
,Tarzan and the Huntress,1947,Live-Action,Sequel
,Tarzan and the Mermaids,1948,Live-Action,Sequel
,Tarzan's Magic Fountain,1949,Live-Action,Sequel
,Tarzan and the Slave Girl,1950,Live-Action,Sequel
,Tarzan's Peril,1951,Live-Action,Sequel
,Tarzan's Savage Fury,1952,Live-Action,Sequel
,Tarzan and the She-Devil,1953,Live-Action,Sequel
,Tarzan's Hidden Jungle,1955,Live-Action,Sequel
,Tarzan and the Lost Safari,1957,Live-Action,Sequel
,Tarzan's Fight for Life,1958,Live-Action,Sequel
,Tarzan's Greatest Adventure,1959,Live-Action,Sequel
,"Tarzan, the Ape Man",1959,Live-Action,Sequel
,Tarzan and the Trappers,1960,Live-Action,TV Movie
,Tarzan the Magnificent,1960,Live-Action,Sequel
,Tarzan Goes to India,1962,Live-Action,Sequel
,Tarzan's Three Challenges,1963,Live-Action,Sequel
,Tarzan and the Valley of Gold,1966,Live-Action,Sequel
,Tarzan and the Great River,1967,Live-Action,Sequel
,Tarzan's Jungle Rebellion,1967,Live-Action,Sequel
,Tarzan and the Jungle Boy,1968,Live-Action,Sequel
,Tarzan's Deadly Silence,1970,Live-Action,Sequel
,Tarzan the Ape Man,1981,Live-Action,Sequel
,Tarzan and the Lost City,1998,Live-Action,Sequel
,Tarzan,1999,Animated,Reboot
,Tarzan & Jane,2002,Animated,Spin-Off
,Tarzan 2: The Legend Begins,2005,Animated,Sequel
,The Legend of Tarzan,2016,Live-Action,Reboot
Ted,,,,
,Ted,2012,Live-Action,Original
,Ted 2,2015,Live-Action,Sequel
Teen Wolf,,,,
,Teen Wolf,1985,Live-Action,Original
,Teen Wolf Too,1987,Live-Action,Sequel
,Teen Witch,1989,Live-Action,Spin-Off
Teenage Mutant Ninja Turtles,,,,
,Teenage Mutant Ninja Turtles,1987 - 1996,Animated,TV Show
,Teenage Mutant Ninja Turtles,1990,Live-Action,Original
,Teenage Mutant Ninja Turtles II: The Secret of the Ooze,1991,Live-Action,Sequel
,Teenage Mutant Ninja Turtles III,1993,Live-Action,Sequel
,TMNT,2007,Animated,Original
,Teenage Mutant Ninja Turtles,2014,Live-Action,Reboot
The Terminator,,,,
,The Terminator,1984,Live-Action,Original
,Terminator 2: Judgment Day,1991,Live-Action,Sequel
,Terminator 3: Rise of the Machines,2003,Live-Action,Sequel
,Terminator Salvation,2009,Live-Action,Sequel
,Terminator Genisys,2015,Live-Action,Sequel
,Terminator: Dark Fate,2019,Live-Action,Sequel
The Texas Chainsaw Massacre,,,,
,The Texas Chain Saw Massacre,1974,Live-Action,Original
,The Texas Chain Saw Massacre 2,1986,Live-Action,Sequel
,Leatherface: Texas Chainsaw Massacre III,1990,Live-Action,Sequel
,Texas Chainsaw Massacre: The Next Generation,1994,Live-Action,Sequel
,The Texas Chainsaw Massacre,2003,Live-Action,Reboot
,The Texas Chainsaw Massacre: The Beginning,2006,Live-Action,Prequel
,Texas Chainsaw 3D,2013,Live-Action,Sequel
,Leatherface,2017,Live-Action,Spin-Off
The Thing,,,,
,The Thing,1982,Live-Action,Original
,The Thing,2011,Live-Action,Remake
Thor,,,,
,Thor,2011,Live-Action,Original
,Thor: The Dark World,2013,Live-Action,Sequel
,Thor: Ragnarok,2017,Live-Action,Sequel
Three Flavours Cornetto,,,,
,Shaun of the Dead,2004,Live-Action,Original
,Hot Fuzz,2007,Live-Action,Sequel
,The World's End,2013,Live-Action,Sequel
Three Men and a Baby,,,,
,Three Men and a Baby,1987,Live-Action,Original
,Three Men and a Little Lady,1990,Live-Action,Sequel
The Three Musketeers,,,,
,The Three Musketeers,1993,Live-Action,Original
,The Three Musketeers,2011,Live-Action,Remake
Tomb Raider,,,,
,Lara Croft: Tomb Raider,2001,Live-Action,Original
,Lara Croft: Tomb Raider The Cradle of Life,2003,Live-Action,Sequel
,Tomb Raider,2018,Live-Action,Reboot
,Tomb Raider 2,2021,Live-Action,Sequel
Total Recall,,,,
,Total Recall,1990,Live-Action,Original
,Total Recall,2012,Live-Action,Remake
Toy Story,,,,
,Toy Story,1995,Animated,Original
,Toy Story 2,1999,Animated,Sequel
,Toy Story 3,2010,Animated,Sequel
,Toy Story 4,2019,Animated,Sequel
Transformers,,,,
,Transformers,2007,Live-Action,Original
,Transformers: Revenge of the Fallen,2009,Live-Action,Sequel
,Transformers: Dark of the Moon,2011,Live-Action,Sequel
,Transformers: Age of Extinction,2014,Live-Action,Sequel
,Transformers: The Last Knight,2017,Live-Action,Sequel
,Bumblebee,2018,Live-Action,Spin-Off
The Transporter,,,,
,The Transporter,2002,Live-Action,Original
,Transporter 2,2005,Live-Action,Sequel
,Transporter 3,2008,Live-Action,Sequel
,The Transporter Refueled,2015,Live-Action,Sequel
Tremors,,,,
,Tremors,1990,Live-Action,Original
,Tremors 2: Aftershocks,1996,Live-Action,Sequel
,Tremors 3: Back to Perfection,2001,Live-Action,Sequel
,Tremors 4: The Legend Begins,2004,Live-Action,Sequel
,Tremors 5: Bloodlines,2015,Live-Action,Sequel
,Tremors: A Cold Day in Hell,2018,Live-Action,Sequel
Tron,,,,
,Tron,1982,Live-Action,Original
,Tron: Legacy,2010,Live-Action,Remake
The Twilight Saga,,,,
,Twilight,2008,Live-Action,Original
,The Twilight Saga: New Moon,2009,Live-Action,Sequel
,The Twilight Saga: Eclipse,2010,Live-Action,Sequel
,The Twilight Saga: Breaking Dawn Part 1,2011,Live-Action,Sequel
,The Twilight Saga: Breaking Dawn Part 2,2012,Live-Action,Sequel
U,,,,
Unbreakable,,,,
,Unbreakable,2000,Live-Action,Original
,Split,2017,Live-Action,Sequel
,Glass,2019,Live-Action,Sequel
Under Siege,,,,
,Under Siege,1992,Live-Action,Original
,Under Siege 2: Dark Territory,1995,Live-Action,Sequel
Underworld,,,,
,Underworld,2003,Live-Action,Original
,Underworld: Evolution,2006,Live-Action,Sequel
,Underworld: Rise of the Lycans,2009,Live-Action,Sequel
,Underworld: Endless War,2011,Live-Action,Sequel
,Underworld: Awakening,2012,Live-Action,Sequel
,Underworld: Blood Wars,2016,Live-Action,Sequel
Universal Soldier,,,,
,Universal Soldier,1992,Live-Action,Original
,Universal Soldier II: Brothers in Arms,1998,Live-Action,Sequel
,Universal Soldier III: Unfinished Business,1999,Live-Action,Sequel
,Universal Soldier: The Return,1999,Live-Action,Sequel
,Universal Soldier: Regeneration,2009,Live-Action,Sequel
,Universal Soldier: Day of Reckoning,2012,Live-Action,Sequel
W,,,,
War Games,,,,
,WarGames,1983,Live-Action,Original
,WarGames: The Dead Code,2008,Live-Action,Sequel
Wayne's World,,,,
,Wayne's World,1992,Live-Action,Original
,Wayne's World 2,1993,Live-Action,Sequel
The Wizard of Oz,,,,
,The Wonderful Wizard of Oz,1910,Live-Action,Original
,"His Majesty, the Scarecrow of Oz",1914,Live-Action,Spin-Off
,The Magic Cloak of Oz,1914,Live-Action,Spin-Off
,The Patchwork Girl of Oz,1914,Live-Action,Spin-Off
,Wizard of Oz,1925,Live-Action,Original
,The Wizard of Oz,1939,Live-Action,Original
,The Wonderful Land of Oz,1969,Live-Action,Spin-Off
,Journey Back to Oz,1971,Animated,Sequel
,The Wiz,1978,Live-Action,Original
,Return to Oz,1985,Live-Action,Sequel
,After the Wizard,2012,Live-Action,Sequel
,Oz the Great and Powerful,2013,Live-Action,Original
,OzLand,2014,Live-Action,Original
Wolverine,,,,
,X-Men Origins: Wolverine,2009,Live-Action,Original
,The Wolverine,2013,Live-Action,Sequel
,Logan,2017,Live-Action,Sequel
Wonder Woman,,,,
,Wonder Woman,2017,Live-Action,Original
,Wonder Woman 1984,2020,Live-Action,Sequel
Wreck-It Ralph,,,,
,Wreck-It Ralph,2012,Animated,Original
,Ralph Breaks the Internet,2018,Animated,Sequel
X,,,,
X-Men,,,,
,X-Men,2000,Live-Action,Original
,X2,2003,Live-Action,Sequel
,X-Men: The Last Stand,2006,Live-Action,Sequel
,X-Men Origins: Wolverine,2009,Live-Action,Spin-Off
,X-Men: First Class,2011,Live-Action,Sequel
,The Wolverine,2013,Live-Action,Spin-Off
,X-Men: Days of Future Past,2014,Live-Action,Sequel
,Deadpool,2016,Live-Action,Spin-Off
,X-Men: Apocalypse,2016,Live-Action,Sequel
,Logan,2017,Live-Action,Spin-Off
,Deadpool 2,2018,Live-Action,Spin-Off
,Once Upon a Deadpool,2018,Live-Action,Spin-Off
,Dark Phoenix,2019,Live-Action,Sequel
XXX,,,,
,xXx,2002,Live-Action,Original
,xXx: State of the Union,2005,Live-Action,Sequel
,xXx: Return of Xander Cage,2017,Live-Action,Sequel
Y,,,,
Young Guns,,,,
,Young Guns,1988,Live-Action,Original
,Young Guns II,1990,Live-Action,Sequel
Z,,,,
Zombieland,,,,
,Zombieland,2009,Live-Action,Original
,Zombieland: Double Tap,2019,Live-Action,Sequel
Zoolander,,,,
,Zoolander,2001,Live-Action,Original
,Zoolander 2,2016,Live-Action,Sequel
Zorro,,,,
,The Mark of Zorro,1920,Live-Action,Original
,Don Q Son of Zorro,1925,Live-Action,Original
,The Bold Caballero,1936,Live-Action,Original
,Zorro's Fighting Legion,1939,Live-Action,Original
,The Mark of Zorro,1940,Live-Action,Original
,Zorro's Black Whip,1944,Live-Action,Original
,The Sign of Zorro,1958,Live-Action,Original
,"Zorro, the Avenger",1959,Live-Action,Original
,The Mark of Zorro,1974,Live-Action,Reboot
,The Mask of Zorro,1998,Live-Action,Sequel
,The Legend of Zorro,2005,Live-Action,Sequel